Candidate_ID,Priority,Mass_g,Clamp_Headband,Pad_EarClearance,LongWear,Glasses_Heat,QC_Observation,QC_Evidence_Class,Parts_Availability,KR_Parts_Channel,Service_Warranty,Comfort_Confidence,QC_Confidence,Source_URLs,Notes
C001,HIGH,UNKNOWN,Plush/light; initial clamp may be noticeable,Velour circumaural; replaceable,Long-use comfort supported by RTINGS; individual clamp varies,"Open, seal less critical than closed",No specific repeated breakage pattern established,INSUFFICIENT,HD560S pads KR ₩49000 advertised; service catalogue,KR_LISTED,Warranty service listed; out-of-warranty repair marked unavailable,MEDIUM,LOW,https://www.rtings.com/headphones/reviews/sennheiser/hd-560s ; https://kr.sennheiser-hearing.com/product/hd-560s-%EC%9D%B4%EC%96%B4%ED%8C%A8%EB%93%9C/463/,"2h claim based on expert extended wear, not monitored study"
C002,HIGH,UNKNOWN,Home open use; headband comfort review favorable,Replaceable pad pathway by series not verified exactly for HD550,Expert reviewer suggests extended comfort; independent long-term evidence limited,Open-back; low isolation,No model-specific pattern established yet,INSUFFICIENT,Exact HD550 genuine pads/cable availability in KR UNKNOWN,UNKNOWN,KR model exists; SKU-specific out-of-warranty repair unclear,MEDIUM,LOW,https://www.soundguys.com/sennheiser-hd-550-review-134419/,Do not inherit exact HD560S parts SKU as compatible without evidence
C003,HIGH,UNKNOWN,Headband firm initially; clamp sensitive to head size,Replaceable velour pads and foam; compressed pads change sound,Many long-running owners; long-term pad maintenance is routine,Open; no pressure seal priority,"Long-life examples; RTINGS notes headband build caveat, not a quantified failure rate",MIXED_LONG_TERM,HD600 foam discs listed KR ₩49000; compatible exact pad SKU verify,KR_LISTED,Service/parts available by product/channel; repair terms check,HIGH,MEDIUM,https://www.rtings.com/headphones/reviews/sennheiser/hd-600 ; https://www.reddit.com/r/headphones/comments/1q6gmk4/should_had_replaced_my_old_hd600_pads_sooner/ ; https://kr.sennheiser-hearing.com/product/list.html?cate_no=51,Pad flattening changes frequency balance; no mandatory yearly replacement schedule
C004,MEDIUM,UNKNOWN,Professional ergonomic pads; light pressure in tests,Producing velour vs Mixing pads differ feel/tuning,RTINGS directly cites comfort for long gaming/mixing sessions,Open isolation low,No repeated specific structural defect corroborated,INSUFFICIENT,Two supplied pad types; manufacturer accessories to verify Korea separately,REPLACEABLE,Professional division support route differs consumer Sonova,HIGH,LOW,https://www.rtings.com/headphones/reviews/sennheiser/hd-490-pro,Pad choice changes tonal response; pad pricing not verified
C006,MEDIUM,UNKNOWN,Robust PRO-X; clamp can be firm,Velour and replaceable components,Long-session reports mixed by head shape; need try-on,"Open, glasses effect less severe",No repeated defect pattern established in current sources,INSUFFICIENT,Manufacturer pad/headband repair guides published,GLOBAL_PARTS,"Korea Beyerdynamic support channel visible, stock unknown",MEDIUM,LOW,https://www.rtings.com/headphones/reviews/beyerdynamic/dt-900-pro-x ; https://blog-en.beyerdynamic.com/how-to-replacing-ear-pads-on-pro-headphones/,Strong construction does not prove zero driver failures
C010,HIGH,207,Very light; padded rigid band reported good distribution,Velour pad comfortable/cool; small ear opening may vary,3-week owner reports no top pressure in long desk sessions,Open; if ears touch driver check cup fit,No repeated exact-model failure pattern confirmed,INSUFFICIENT,"Removable pads, exact replacement item/KR stock not verified",UNKNOWN,"Korean retailer sells model, service part not independently verified",HIGH,LOW,https://headphones.com/blogs/reviews/the-updated-audio-technica-r-series-line-up-r70xa-r50x-and-r30x-review ; https://www.reddit.com/r/headphones/comments/1v4k17s/audiotechnica_athr50x_review_pure_neutrality_on_a/,Lightness helpful but ear shape and cup size matter
C011,HIGH,199,Very light yet suspension strap has limited tilt and weak clamp on some heads,"Pad small like previous R70x, different from R50x",Multiple 2025/26 owner reports lower cup seal gap and upper-ear pressure,"Open, pads may gap at jaw; affects acoustic coupling",Yoke/cup articulation mismatch repeated; no quantified fracture incidence,REPEATED_FIT_COMPLAINT,Detachable cable/pads; precise domestic stock UNKNOWN,UNKNOWN,"Korea distributor product exists, no exact parts purchase verified",HIGH,MEDIUM,https://headphones.com/blogs/reviews/the-updated-audio-technica-r-series-line-up-r70xa-r50x-and-r30x-review ; https://www.reddit.com/r/headphones/comments/1qeih5k/audiotechnica_athr70xa_impressions/ ; https://www.reddit.com/r/headphones/comments/1ij2bqh,"Fit problem is ergonomic/rotational constraint, not proven manufacturing defect"
C012,MEDIUM,210,"Suspension plus stable clamp, compared to R50x","Pads small, fabric different R50x; breathable open design",Expert short-term reviewer positive; 2h independent cohort absent,Open; wearer geometry differences,No confirmed structural pattern,INSUFFICIENT,Replaceable pad design but SKU availability UNKNOWN,UNKNOWN,"Korea product sold, local pad prices unknown",MEDIUM,LOW,https://headphones.com/blogs/reviews/the-updated-audio-technica-r-series-line-up-r70xa-r50x-and-r30x-review,Avoid extrapolating R70xa headband fit because R30x fit differs
C013,HIGH,UNKNOWN,Low mass but ear-cup dimensions and shallow internal depth may press ear,Soft stock pads compress; heat for some users,Independent owners report discomfort at 30–60min from ear driver contact,Closed: glasses/ear-pad material affects bass and heat,Ear-contact repeated across at least 3 user posts; durability failure not established,REPEATED_FIT_COMPLAINT,Manufacturer supports replacing pads/detachable cable,REPLACEABLE,Sony Korea model supported; exact stock price UNKNOWN,HIGH,LOW,https://www.reddit.com/r/headphones/comments/1qfxkck/earpad_upgrade_for_sony_mdrm1/ ; https://www.reddit.com/r/headphones/comments/1qzrdut/earpad_choices_for_sony_mdrm1/ ; https://www.reddit.com/r/HeadphoneAdvice/comments/1ukqxgl/suggested_earpad_replacements_for_the_mdr_m1/,Aftermarket thick pads can change acoustic tuning; fit test with native pads first
C014,HIGH,UNKNOWN,"Studio open-back, comfortable per RTINGS",Stock pad softness can make ear touch driver for some,RTINGS expert long-wear favorable; isolated users report driver touching ear,"Open design, RTINGS bass seal can shift with glasses",No repeated model-specific structural failure evidence,INSUFFICIENT,Manufacturer pad replacement and detachable cable,REPLACEABLE,Sony Korea professional model service listed,HIGH,LOW,https://www.rtings.com/headphones/reviews/sony/mdr-mv1 ; https://www.reddit.com/r/headphones/comments/1gvozgr,Earcup contact anecdote does not establish population rate
C015,HIGH,340,Padded headband; comfortable but potentially unstable fit,"Thick pleather/suede pads, warm compared with velour","RTINGS and Headfonics report hours-long comfort, but individual clamp/heat differ",Closed: glasses can meaningfully reduce subbass,FiiO OFFICIALLY acknowledges early-batch pivot glue/screw loosening; additional 2025–26 reports of cracks and fatigue,MANUFACTURER_CONFIRMED_EARLY_BATCH,"Pads removable, FiiO offers support/screws for eligible early batch",GLOBAL_SERVICE,Authorized seller first; serial/build date and Korea parts support need written proof,HIGH,HIGH,https://fiio.com/newsinfo/1002816.html ; https://www.reddit.com/r/FiiO/comments/1s52tpn/my_fiio_ft1_headphones_kept_breaking_so_i_made_a/ ; https://www.reddit.com/r/headphones/comments/1uoa5sm/fiio_ft1_broke_on_my_head/ ; https://www.rtings.com/headphones/reviews/fiio/ft1,"2024-11-20+ factory change claimed by manufacturer, later anecdotes do not prove prevalence or whether unit predates fix"
C016,HIGH,374,"Moderate pressure and soft pads, independent reviewer used >5h","Breathable fabric; deep pads, glasses adjust for bass seal","Headfonics 5h, RTINGS very comfortable; still body-specific","Open: less heat but leakage high, glasses may shift subbass",FiiO officially acknowledges early pivot screw issue and rare FT1 PRO LF distortion; stated QC remediation,MANUFACTURER_CONFIRMED_EARLY_BATCH,"Pad removal official FAQ, screwdriver repair offered via seller FiiO",GLOBAL_SERVICE,Verify production batch/warranty and local pad availability,HIGH,HIGH,https://fiio.com/newsinfo/1002816.html ; https://headfonics.com/fiio-ft1-pro-review/ ; https://www.rtings.com/headphones/reviews/fiio/ft1-pro,Factory states Nov 20 2024+ pivot update and LF distortion screening; not independent guarantee
C017,MEDIUM,391,Suspension strap distributes load; bald head friction complaint in one review,"Two pad sets, pleather options heat more",Headfonics tested long-wear on 32Ω and 350Ω; personally comfortable overall,"Open, seal less relevant than pad pressure",Specific repeating hinge QC pattern not independently verified,INSUFFICIENT,Pads included; cable partly nonstandard connector,GLOBAL_PARTS,Domestic variant and exact pad SKU unresolved,MEDIUM,LOW,https://headfonics.com/fiio-ft3-32-ohm-review/ ; https://headfonics.com/fiio-ft3-review/,32 vs 350 Ω must not share impedance-related acoustic scores; housing comfort broadly similar
C018,MEDIUM,456,Suspension reduces felt load but relatively heavy,Two pad materials change heat/seal and sound,"Headfonics reports comfortable, higher mass may fatigue users",Open cups; pads alter bass response,No confirmed repeated specific manufacturing issue,INSUFFICIENT,"Two pads, detachable proprietary cable system with replacement cost risk",GLOBAL_PARTS,Korean replacement cable availability unknown,MEDIUM,LOW,https://headfonics.com/fiio-ft5-review/ ; https://headfonics.com/meze-audio-105-aer-review/2/,Mass alone not rejection; >2h neck/head fatigue user-dependent
C024,MEDIUM,255,Relatively light closed studio fit,Synthetic leather pads folding hinge,RTINGS generally comfortable; long-wear temperature possible,Glasses and head shape strongly affect bass seal,Some concerns reported online but current pass lacks systematic manufacturer confirmation,INSUFFICIENT,"AKG detachable cable, exact Korea pads cost uncertain",REPLACEABLE,Korean import path exists; pads price need check,MEDIUM,LOW,https://www.rtings.com/headphones/reviews/akg/k371,Do not generalize K361 build faults to K371
C027,MEDIUM,268,Padded studio headband; comfort from first-hand review only,Closed padded ear cushions; heat risk unquantified,Specific 2h follow-up not located,Closed artificial leather pad; glasses seal unmeasured,No corroborated structural pattern for A revision,INSUFFICIENT,Shure replacement ear cushions SRH440A-PADS and removable cables,OFFICIAL_PARTS_GLOBAL,SamaSound local product; pad local price unknown,LOW,LOW,https://www.shure.com/en-US/docs/guide/SRH440A ; https://musictech.com/reviews/studio-recording-gear/shure-srh440a-srh840a-review/,Do not borrow build complaints of older non-A SKU
C028,MEDIUM,UNKNOWN,Shure revised headband; wearer variability,Closed ear cushions; long wear heat not verified,Specific independent 2h cohort not located,Glasses seal effects unmeasured,No corroborated systematic A-version defects in sources,INSUFFICIENT,SRH840A-PADS official spare part and replacement cable,OFFICIAL_PARTS_GLOBAL,Korea distributor model support; pad price unknown,LOW,LOW,https://www.shure.com/en-US/products/headphones/srh840a ; https://musictech.com/reviews/studio-recording-gear/shure-srh440a-srh840a-review/,A version distinct from original SRH840
C030,MEDIUM,336,Auto-adjusting suspension distributes load well,"Plush textile pads, but some ear driver mesh contact",Headfonics extended comfortable; Reddit owner ear soreness accumulates over long use,Open and breathable; poor isolation,No corroborated structural defect frequency; ergonomic ear contact is individualized,SINGLE_OR_FEW_FIT_REPORTS,Manufacturer self-service headband; ear pad replacement info model-specific,OFFICIAL_PARTS_GLOBAL,Korean brand dealer yes; current local pads unknown,HIGH,LOW,https://headfonics.com/meze-audio-105-aer-review/ ; https://www.reddit.com/r/headphones/comments/1r1wxj8/meze_105_aer_good_experience/ ; https://mezeaudio.com/pages/self-service-videos,"Long-wear comfort generally good, but driver proximity for some ear anatomies"
C032,HIGH,UNKNOWN,MK2 headband metal redesign stronger slightly firmer clamp,"Deep angled pads, ample ear clearance per two first-hand reviews",Pragmatic and Unheardlab say comfortable for long sessions,Open design; pad variation still possible,"Original AR5000 plastic headband break reports; two independent reviewers describe MK2 revised metal frame, no long-term MK2 failure rate",DESIGN_UPDATED_NOT_FAILURE_FREE,Current exact Korean replacement pads/cables unconfirmed,UNKNOWN,"AR5000 MK2 local sales indicated, exact service terms unknown",HIGH,MEDIUM,https://www.pragmaticaudio.com/reviews/2026/05/aune-ar5000-mk2/ ; https://unheardlab.com/2026/06/03/aune-ar5000-mk2-review-brighter-bolder-better-built/ ; https://www.reddit.com/r/headphones/comments/1t9jges/aune_ar5000_and_ar5000_mk2_comparison_review/,Do not carry OG breakage rate over to redesigned MK2
C033,MEDIUM,UNKNOWN,"Closed studio design, reviewer positive balance",Pads and inner cup depth insufficient objective data,Extended owner multi-year evidence limited,Closed pads heat and seal untested in varied head sizes,No verified repeated incident pattern,INSUFFICIENT,Aune global replaceability may exist but exact pad SKU not verified,UNKNOWN,"Sorishop route brand, SKU-specific support unknown",LOW,LOW,https://www.pragmaticaudio.com/reviews/2024/10/aune-sr7000/,Insufficient evidence is not evidence of no defects
C037,MEDIUM,475,Suspension band/gel pads offset mass for some,Cup fit feels bulky despite comfort in expert test,RTINGS reports desk wear okay; neck pressure and long sessions vary,Open; poor isolation; heat can vary by pad,No manufacturing defect rate established from current sources,INSUFFICIENT,Audeze genuine MM100 pads $50 and cable via US shop,OFFICIAL_PARTS_GLOBAL,"Korean dealer exists, actual pads stock and service conditions unconfirmed",HIGH,LOW,https://www.rtings.com/headphones/reviews/audeze/mm-100 ; https://www.audeze.com/products/mm-100-earpads,Heavy does not mean inherently uncomfortable; try 2-3h
C039,MEDIUM,UNKNOWN,Light comfortable premium closed headphone in RTINGS,Fabric memory foam; large head extension concern shared Focal frame,RTINGS long gaming comfortable; headband sweat/head hotspot individualized,"Closed fabric pads absorb perspiration, passive isolation limited",No confirmed recurring mechanical defect pattern in reviewed sources,INSUFFICIENT,Replaceable construction assumed from brand; precise replacement pads in KR unverified,UNKNOWN,"Korean specialist retail, accessories status unknown",HIGH,LOW,https://www.rtings.com/headphones/reviews/focal/azurys ; https://www.head-fi.org/threads/focal-hadenys-azurys-review-measurements.972755/page-50,Do not transfer Hadenys fit complaints to Azurys without model-specific check
C040,MEDIUM,UNKNOWN,Light but some small/narrow headband and stronger clamp,Fabric pads breathable; narrow ear cavity can touch ear,Headfonics discomfort after ~30min on own head; Head-Fi others report hours comfortable,"Open, heat low; head size critical",No repeated structural defect substantiated; major fit-size heterogeneity,REPEATED_FIT_COMPLAINT,Manufacturer genuine pads/global listings need exact confirmation,UNKNOWN,"Korean dealer channel, pad supply unknown",HIGH,LOW,https://headfonics.com/focal-hadenys-review/ ; https://www.head-fi.org/threads/focal-hadenys-azurys-review-measurements.972755/page-12 ; https://www.head-fi.org/threads/focal-hadenys-azurys-review-measurements.972755/page-11,Conflicting professional and community comfort across heads is key finding
C041,MEDIUM,310,"Studio circumaural, reported clamp ranges from too weak to too strong",Replaceable synthetic pad; material preference varies,Head-Fi has long listening positives but clamp disagreement,"Open, synthetic leather warmer than velour",No corroborated systemic defects; adjustable frame not proof perfect QC,INSUFFICIENT,Hi-X65ECUS pad kit €39; Hi-X65CUK pads+headband €59 global official,OFFICIAL_PARTS_GLOBAL,Korea actual stock/terms not independently verified,MEDIUM,LOW,https://shop.austrian.audio/en/products/hi-x65ecus-ear-cushion-repl-set ; https://www.head-fi.org/threads/new-austrian-audio-hi-x65.957774/page-12,Aftermarket bending headband risks warranty; not recommended by default
C044,MEDIUM,UNKNOWN,Open headset moderate pad contact; expert comfort positive,Pads replaceable; passive microphone accessory optional,RTINGS comfort positive; independent multi-year data scant,Open leakage; cups not isolated,No reliable repeated failure pattern in sample reviewed,INSUFFICIENT,Corsair spare cable 3.5mm official parts; earpad exact SKU unknown,OFFICIAL_PARTS_GLOBAL,Korean retailer support per seller verification,MEDIUM,LOW,https://www.rtings.com/headphones/reviews/corsair/virtuoso-pro ; https://help.corsair.com/hc/en-us/articles/45351527323793-CORSAIR-Spare-Parts-List,No inference from wireless Virtuoso family headset faults
C052,MEDIUM,420,High weight plus strong clamp for large heads; sling strap,"Two pad sets included, pad-dependent warmth",RTINGS finds comfortable for some but smaller-head issues; PC Gamer notes pressure,Open fairly breathable; >2h pain individualized,Model new 2026; inadequate lifetime QC data,INSUFFICIENT,Two factory pad sets and detachable cable; exact replacement pad retail unknown,PACKED_SPARE_NOT_AFTERMARKET_STOCK,ASUS Korea product; exact paid pad replacement needs verification,MEDIUM,LOW,https://www.rtings.com/headphones/reviews/asus/rog-kithara ; https://www.pcgamer.com/hardware/gaming-headsets/asus-rog-kithara-review/,420g mass and clamp offset expensive audio potential; no forced rejection
C054,HIGH,UNKNOWN,HD 500 family light fit; some clamp possible,Soft velour type; model-specific pad depth not independently measured,"SoundGuys comfortable for extended listening, low owner-duration verification","Open, low heat, poor isolation",2025 model no repeated structural failures confirmed,INSUFFICIENT,Sennheiser HD500 series generic pad catalog; exact HD505 SKU in KR UNKNOWN,UNKNOWN,Domestic model listing but warranty/pads model-specific verify,MEDIUM,LOW,https://www.soundguys.com/sennheiser-hd-505-review-132923/,HD560S pads not assumed mechanically same for HD505
C057,HIGH,UNKNOWN,Very light aviation style strap distributes pressure,"Open-back ventilated, soft pads",RTINGS specifically notes extended gaming/office comfort,"Open airflow, very high sound leakage","New 2026, plastic hinge/headband drop break risk described in review, not failure incidence",EARLY_LIFECYCLE,Sony Korea support available; pads SKU/price unknown,UNKNOWN,Sony Korea genuine support page available,HIGH,LOW,https://www.rtings.com/headphones/reviews/sony/inzone-h6-air ; https://www.sony.co.kr/gaming-gear/products/inzone-h6-air,Drop damage susceptibility != documented recurring defect
C060,MEDIUM,UNKNOWN,"AKG K361 similar fit to K371, lighter clamp","Faux leather cups, compact folding","RTINGS generally comfortable, some inconsistent seal due light clamp",Closed seal varies with hair/glasses/head size,No manufacturer-confirmed batch issue in current sources,INSUFFICIENT,"Detachable 2.5mm/3.5mm cable, pads exact Korean stock unknown",REPLACEABLE,Domestic genuine listing; parts retail unclear,MEDIUM,LOW,https://www.rtings.com/headphones/reviews/akg/k361 ; https://www.rtings.com/headphones/reviews/akg/k371,"K361 and K371 ergonomics similar, materials differ; not identical failure rate"
