Candidate_ID,Source_Type,Price_KRW,Stock_Verification,Sale_Condition,Link
C001,2026_10_PROMO,189000,BUY_BUTTON_NOT_CHECKOUT_VERIFIED,NO_CHANGE_OF_MIND_RETURN,https://www.schezade.co.kr/event/special_sale/g_detail.html?no=22506
C002,2026_10_PROMO,254000,BUY_BUTTON_NOT_CHECKOUT_VERIFIED,2YR_DECLARED_NO_CHANGE_OF_MIND_RETURN,https://www.schezade.co.kr/event/special_sale/g_detail.html?no=22505
C003,2026_10_PROMO,315000,SOLD_OUT_ON_EVENT_OVERVIEW,DETAIL_PAGE_SHOWS_BUY_CONTROL_CONFLICT,https://www.schezade.co.kr/pagegen/v2/pages/render.php?pageId=sz-event-1131
C003,2026_09_COMPARE,359000,UNKNOWN,INVENTORY_RECHECK,https://www.enuri.com/detail.jsp?modelno=43741
C003,2026_08_COMPARE,332800,UNKNOWN,GENUINE_CATEGORY_ONLY,https://prod.danawa.com/info/?pcode=12192
C015,2026_08_COMPARE,215670,UNKNOWN,POST_FIX_BATCH_AND_WARRANTY_RECHECK,https://prod.danawa.com/info/?pcode=77312591
C016,2026_09_COMPARE,312930,UNKNOWN,POST_FIX_BATCH_AND_WARRANTY_RECHECK,https://www.enuri.com/detail.jsp?modelno=132790949
C024,2026_07_COMPARE,260000,UNKNOWN,234000_CARD_DISCOUNT_SEPARATE,https://prod.danawa.com/info/?pcode=11482977
C040,2026_10_RETAIL,766500,CART_NOT_CHECKED,AUDITION_REQUIRED,https://agstore.co.kr/
C052,2026_07_COMPARE,499000,UNKNOWN,OLDER_480700_QUOTE_CONFLICT,https://prod.danawa.com/info/?pcode=122643993
CH_HD650,2026_10_PROMO,329000,SALE_COMPLETED,NEW_COMPETITOR_STEP11_CHALLENGE,https://www.schezade.co.kr/event/special_sale/g_detail.html?no=22508
C016,2026_10_10_KR_DISTRIBUTOR_LISTING,317000,SELLER_BUY_BUTTON_NOT_CHECKOUT,SORISHOP_OFFICIAL_IMPORTER_DECLARED_1YR_WARRANTY_EXACT_BATCH_UNKNOWN,https://www.schezade.co.kr/goods/g_detail.html?gid=5953
C016,2026_10_10_CONDITIONAL_MEMBERSHIP,285300,ELIGIBILITY_AND_CHECKOUT_NOT_VERIFIED,SCH_MEMBERSHIP_10PCT_REQUIRES_CAFE_AND_YOUTUBE_APPROVAL_NO_STACKING,https://www.schezade.co.kr/pagegen/v2/custom/membership/index.php
C061,2026_10_10_OCT_PROMO_HD599,145000,BUY_BUTTON_NOT_CHECKOUT_VERIFIED,EXISTING_HOLD_CHEAPER_CHALLENGER_AUDIO_UPGRADE_UNPROVEN,https://www.schezade.co.kr/event/special_sale/g_detail.html?no=22504
