Cheaper_Candidate_ID,Pricier_Candidate_ID,Cheaper_Reference_KRW,Pricier_Reference_KRW,Functional_Comparison,Price_Performance_Observation,Offsetting_Reason,Relationship_Class,Price_Evidence_IDs,Acoustic_Evidence_IDs
C001,C012,189000,173880,OPEN_REFERENCE,The ~15k premium for HD560S is small versus ATH-R30x and the latter's H7 improvement is only small/uncertain; prioritize 560S while promo is available.,SAME_ARCHITECTURE_DIFF_FIT_AND_PRICE,RESEARCH_PRIORITY_NOT_PROVEN_DOMINANCE,"E0356,E0362",E0227|E0228|E0255|E0256
C001,C054,189000,236000,OPEN_REFERENCE,HD560S cheaper by ~47k under promo and HD505 has no verified technical/perceptual gain; prefer 560S on value evidence.,NEWER_TUNING_HD505_MAY_SUIT,LOWER_PRIORITY_NOT_DOMINATED,E0356,E0227|E0228|E0247|E0248
C001,C010,189000,249000,OPEN_MONITOR,"HD560S lower listed price; R50x lighter, brighter and good measured channel matching; not proven worse.",PREFERENCE_TREBLE_AND_FIT,CLOSE_COMPARISON_NOT_DOMINATED,"E0356,E0361",E0227|E0228|E0233|E0234
C001,C002,189000,254000,OPEN_REFERENCE,"Extra 65k for HD550 may earn newer fuller tuning but same broad tonal-upgrade tier; compare fit/music, don't assert resolution gain.",NEWER_TUNING_SPATIAL_TASTE,PARALLEL_VALUE_FRONTIER,"E0356,E0357",E0227|E0228|E0229|E0230
C002,C003,254000,332800,OPEN_REFERENCE,HD600 historical vocal reference remains special; 315k promo sold out; current actual 333k seller price not fully verified.,MIDRANGE_TIMBRE_VS_SUBBASS_STAGE,STOCK_GATE_NO_DOMINANCE,"E0357,E0358",E0229|E0230|E0231|E0232
C001,C027,189000,157440,WIRED_DIFFERENT_OPEN_CLOSED,SRH440A marginally cheaper but strong H7 improvement not established; HD560S better documented midrange sound.,ISOLATION_STUDIO_MONITOR_VS_OPEN,NOT_COMPARABLE_HARD,E0356,E0227|E0228|E0263|E0264
C015,C024,215670,235000,CLOSED_MONITOR,"FT1 warm/bass focus versus K371 neutral/voice reference; low comparable prices, sound-profile trade-off.",NEUTRAL_TUNING_VS_WARM_CINEMA,PARALLEL_VALUE_FRONTIER,E0363,E0241|E0242|E0261|E0262
C015,C013,215670,305970,CLOSED_DYNAMIC,"FT1 cheaper and strongly musical bass; MDR-M1 adds professional Sony monitor and service options, but shallow pad and recessed presence risk.",STUDIO_TUNING_GENUINE_AS_LOCAL_SERVICE,RESEARCH_DEFER_PROOF_NEEDED,E0363,E0241|E0242|E0237|E0238
C015,C060,215670,190000,CLOSED_DYNAMIC,"K361 cheaper ~26k, FT1 warmer fuller cinematic bass and changed build/parts; no decisive all-use acoustic advantage.",BASS_SEAL_TONAL_BALANCE,PARALLEL_VALUE_FRONTIER,E0363,E0241|E0242|E0283|E0284
C016,C052,317000,480700,OPEN_PLANAR,"Kithara adds cost ~164k, heavier 420g and likely gains have not been proven versus FT1 PRO; however pads/mic/tuning differ and sound reviewers diverge.",BUILD_PADS_MICROPHONE_AESTHETIC,RESEARCH_DEFER_PREMIUM_NOT_HARD_REJECT,"E0364,E0368",E0243|E0244|E0281|E0282
C016,C018,317000,567790,OPEN_PLANAR,"FT5 substantially dearer and heavier, review reports darker tone; listener preference/fit may justify but clearer measurable sound edge unproven.",WARMER_DARKER_TONAL_STYLE,RESEARCH_DEFER_PREMIUM_NOT_HARD_REJECT,E0364,E0243|E0244|E0259|E0260
C016,C037,317000,638680,OPEN_PLANAR,"MM100 about double cost, reviewer listening opinions conflict, 475g; currently weak verified increment compared to FT1 PRO.",STUDIO_MIDRANGE_PREFERENCE_PARTS,RESEARCH_DEFER_PREMIUM_NOT_HARD_REJECT,E0364,E0243|E0244|E0271|E0272
C002,C040,254000,766500,OPEN_DYNAMIC,Hadenys costs ~3× Oct HD550 promo; more premium build and signature but detail gain over HD550 not calibrated.,FOCAL_PRESENTATION_AND_FIT,LONG_TERM_SPECIALTY_NOT_DOMINATED,"E0357,E0367",E0229|E0230|E0275|E0276
C015,C039,215670,664000,CLOSED_DYNAMIC,Azurys ~3× FT1 nominal indexed quote but distinct premium materials and tonal sophistication; no quantified gain.,FOCAL_DESIGN_REFINEMENT_SERVICE,LONG_TERM_SPECIALTY_NOT_DOMINATED,"E0363,E0366",E0241|E0242|E0273|E0274
C001,C006,189000,425000,OPEN_MONITOR,"DT900 PRO X higher price with robust pad/headband and tuning benefits, but technical gains relative to HD560S not proven.",STUDIO_DURABILITY_CLAMP,RESEARCH_DEFER_PROOF_NEEDED,E0356,E0227|E0228|E0253|E0254
C057,C014,246050,498000,SONY_OPEN,"H6 Air about half MDR-MV1 price; MV1 studio build, extended bass and different presentation, neither dominates.",VOICE_TREBLE_FIT_PRO_REQUIREMENTS,RESEARCH_DEFER_PREMIUM_NOT_HARD_REJECT,,E0249|E0250|E0239|E0240
C001,C044,189000,240490,OPEN_WITH_GAMING_MIC,"VIRTUOSO PRO actually passive analog open, yet headset/mic has little benefit in this use case; detailed fidelity advantage vs HD560S not proven.",DIFFERENT_PAD_FIT_OR_ACCESSORY_VALUE,RESEARCH_DEFER_PROOF_NEEDED,E0356,E0227|E0228|E0279|E0280
C016,C033,317000,863330,OPEN_VS_CLOSED_DIFFERENT,"SR7000 closed has isolation and special vocal character, but price >2.7× FT1 PRO and no evidence of proportionate gains; not strictly comparable.",CLOSED_ISOLATION_AND_STUDIO_VOICE,DEFER_HIGH_EVIDENCE_GAP,E0364,E0243|E0244|E0269|E0270
C001,C057,189000,246050,OPEN_WIRED_MEDIA,Sony H6 Air extremely light and intended for games; music improvement over HD560S for additional ~57k unproven.,COMFORT_GAME_SPATIAL_STUDIO_USE,PARALLEL_VALUE_FRONTIER,E0356,E0227|E0228|E0249|E0250
C016,C030,317000,576030,OPEN_DIFFERENT_DRIVER,"Meze 105 AER costs more and has musical relaxed presentation, comfort/serviceability; not all-measurement dominance.",SOUND_SIGNATURE_AND_FIT,LONG_TERM_SPECIALTY_NOT_DOMINATED,E0364,E0243|E0244|E0267|E0268
