Observation_ID,Candidate_ID,As_Of,Channel,Offer_Class,Listed_Price_KRW,Seller_Stock_Status,Source_Recency,Source_URL,Relevant_Conditions,Interpretation
S9P001,C001,2026-10-09,Schezade authorized importer stated,PROMOTION,189000,BUY_CONTROLS_SHOWN,CRAWLED_YESTERDAY,https://www.schezade.co.kr/event/special_sale/g_detail.html?no=22506,Oct 7–31; finite quantity; no coupons stacked; user must confirm cart,"Published genuine-model promo; potential low-priced upgrade entry, not historical normal price"
S9P002,C002,2026-10-09,Schezade authorized importer stated,PROMOTION,254000,BUY_CONTROLS_SHOWN,CRAWLED_YESTERDAY,https://www.schezade.co.kr/event/special_sale/g_detail.html?no=22505,Oct 7–31; finite quantity; no coupon stacking; 2yr declared warranty,"Published genuine-model promo, checkout not confirmed"
S9P003,C003,2026-10-09,Schezade authorized importer stated,PROMOTION,315000,SOLD_OUT_ON_EVENT_LIST,CRAWLED_TODAY,https://www.schezade.co.kr/pagegen/v2/pages/render.php?pageId=sz-event-1131,Oct 7–31; HD600 marked 품절 on event overview; individual product page has buy controls,Inconsistency: no proof stock at 315k; must not count as buyable low
S9P004,C001,2026-10-09,Schezade,PRIOR_PROMOTION,189000,HISTORICAL_ONLY,CRAWLED_3_MONTHS_AGO,https://www.schezade.co.kr/event/special_sale/g_detail.html?no=17741,July 15–31 2026 event,"Recurring observed asking price, not an actual purchase"
S9P005,C001,2026-10-09,Schezade,PRIOR_PROMOTION,189000,HISTORICAL_ONLY,CRAWLED_3_MONTHS_AGO,https://www.schezade.co.kr/event/special_sale/g_detail.html?no=16351,June 2026 event listing,"Recurring observed asking price, not a guaranteed year-round street price"
S9P006,C001,2026-10-09,Danawa genuine category,INDEXED_LOW,216000,UNKNOWN,CRAWLED_2_MONTHS_AGO,https://prod.danawa.com/info/?pcode=12573776,Official category listing; not checkout,Step 4 fallback when promo expires; stale
S9P007,C010,2026-10-09,Danawa genuine category,INDEXED_LOW,249000,UNKNOWN,CRAWLED_3_MONTHS_AGO,https://prod.danawa.com/info/?pcode=75464609,No card condition; marketplace genuine-category classification,Product price indicative; do not assume official retailer authorisation
S9P008,C010,2026-10-09,Schezade,LISTED,269000,UNKNOWN,CRAWLED_TODAY,https://www.schezade.co.kr/goods/g_list.html?arg=ingi&brand_search=&class_id=8&class_sub_id=76&main_category=&s_key=,Indicated listening demo; no cart verification,Repeated 269k asking price as a market reference
S9P009,C012,2026-10-09,Audio-Technica official Korea,LISTED,189000,SOLD_OUT,CRAWLED_4_WEEKS_AGO,https://audio-technica.co.kr/product/ath-r30x/913/,"SOLD OUT banner, model price not purchasable on official model page",R30x 173880 Step4 indexed low must not be declared live genuine available
S9P010,C015,2026-10-09,Danawa genuine category,INDEXED_LOW,215670,UNKNOWN,CRAWLED_2_MONTHS_AGO,https://prod.danawa.com/info/?pcode=77312591,May vary. 230000 observed at several sellers; 207000 Lotte card separate,"Indicated FT1 range 215670–230000, fresh checkout unverified"
S9P011,C016,2026-10-09,YES24 domestic seller,LISTED,317000,SELLING,CRAWLED_3_WEEKS_AGO,https://www.yes24.com/product/goods/170645042,Domestic supplier direct delivery; extra card coupons separate,Independent retailer published buy controls and 317k
S9P012,C016,2026-10-09,Enuri genuine category,INDEXED_LOW,312930,UNKNOWN,PRICE_REFRESH_2026_09_11,https://www.enuri.com/detail.jsp?modelno=132790949,Overseas imports shown separately; card/member separate,Normal range 313–317k more credible than one 285k conditional card deal
S9P013,C039,2026-10-09,AudioGallery domestic store,PUBLIC_LONG_PROMOTION,664000,UNKNOWN,CRAWLED_TODAY,https://agstore.co.kr/category/focal/44/,Published discount through 2030; list price 830k not typical actual market price,"Long-running open public price, actual cart unverified"
S9P014,C040,2026-10-09,AudioGallery domestic store,PUBLIC_LONG_PROMOTION,766500,UNKNOWN,CRAWLED_TODAY,https://agstore.co.kr/category/focal/44/,Public discount through 2031; list price 1050k not typical actual market price,"Long-running public price, actual cart unverified"
S9P015,C052,2026-10-09,Danawa genuine category,INDEXED_LOW,499000,UNKNOWN,CRAWLED_3_MONTHS_AGO,https://prod.danawa.com/info/?pcode=122643993,Compared with Step4 480700 from earlier indexed listing; source conflict,"Treat 480700–499000 as unsettled, not stable actual low"
S9P016,C003,2026-10-09,Schezade normal catalog,LISTED,449000,UNKNOWN,CRAWLED_TODAY,https://www.schezade.co.kr/goods/g_list.html?arg=ingi&brand_search=&class_id=8&class_sub_id=76&main_category=&s_key=,Different from Oct 315k sold-out special; no cart verification,Regular catalog listing not necessarily actual typical transaction price
S9P017,C002,2026-10-09,Schezade Oct product,LIST_PRICE_REFERENCE,379000,UNKNOWN,CRAWLED_YESTERDAY,https://www.schezade.co.kr/event/special_sale/g_detail.html?no=22505,"Strike-through event anchor, NOT verified typical selling price",Do not use MSRP/anchor to compute discounts as value
