Candidate_ID,Brand,Model,Market_As_Of,Step4_Normal_KRW,Step4_Listed_Low_KRW,Current_Effective_Reference_KRW,Reference_Basis,Price_Confidence,Price_Scope,Conditional_Deal_Step4_KRW,Expected_H7_Upgrade_Class,H7_Confidence,Value_Research_Class,Comparator_IDs,Value_Rationale,Critical_Caveat,Final_Pareto_Status,Decision_Status
C001,Sennheiser,HD 560S,2026-10-09,UNKNOWN,216000,189000,RECURRING_PROMO_OCT_ACTIVE,HIGH,OFFICIAL_ONLY,UNKNOWN,LIKELY_MEANINGFUL,MEDIUM,VALUE_ENTRY_PIVOT,"C012,C010,C054",HD560S offers clearer H7 analog vocal balance for 189k recurring promo; all future acoustic gains predicted not proven.,Open-back leakage and bass loss; event inventory/cart needs verification.,NOT_PROVEN,KEEP_OR_DEFER_NO_HARD_REJECT
C002,Sennheiser,HD 550,2026-10-09,UNKNOWN,268900,254000,OCT_PROMO_ACTIVE,MEDIUM,OFFICIAL_ONLY,255280,LIKELY_MEANINGFUL,MEDIUM,STRONG_CONDITIONAL_VALUE,"C001,C054,C016","At 254k, newer/fuller profile may justify extra 65k over 560S to some; improvement not proven universal.",Without promo Step4 low 268900; no verified greater technical resolution than 560S.,NOT_PROVEN,KEEP_OR_DEFER_NO_HARD_REJECT
C003,Sennheiser,HD 600,2026-10-09,UNKNOWN,332800,332800,STEP4_GENUINE_INDEXED_ONLY,LOW,OFFICIAL_ONLY,UNKNOWN,LIKELY_MEANINGFUL,MEDIUM,VOCAL_REFERENCE_STOCK_GATE,"C001,C002,C016",Natural midrange may justify more money than 560S/550 for vocal-focused listener.,"Oct 315k listed SOLD OUT, baseline 332800 indexed and 449k store catalog; sealed-stock availability must be verified.",NOT_PROVEN,KEEP_OR_DEFER_NO_HARD_REJECT
C010,Audio-Technica,ATH-R50x,2026-10-09,269000,249000,249000,INDEXED_GENUINE_SNAPSHOT,MEDIUM,OFFICIAL_ONLY,242100,POSSIBLE_MEANINGFUL,MEDIUM,GOOD_IF_TREBLE_TOLERATED,"C001,C054,C002",Light open reference model with strong channel matching; lower-mid clarity upgrade plausible.,"189k HD560S less costly, R50x 6–10kHz emphasis may sound harsh; direct headphone fit may determine preference.",NOT_PROVEN,KEEP_OR_DEFER_NO_HARD_REJECT
C011,Audio-Technica,ATH-R70xa,2026-10-09,439000,429000,429000,INDEXED_GENUINE_SNAPSHOT,LOW,OFFICIAL_ONLY,UNKNOWN,LIKELY_MEANINGFUL,LOW,PREMIUM_FIT_AMP_GATE,"C001,C003,C010",Very lightweight refined monitor with possible vocal/stage gains worth future consideration.,"470Ω AE-5 headroom, limited swivel, significant premium vs reliable entry.",NOT_PROVEN,KEEP_OR_DEFER_NO_HARD_REJECT
C013,Sony,MDR-M1,2026-10-09,UNKNOWN,305970,305970,INDEXED_GENUINE_SNAPSHOT,LOW,OFFICIAL_ONLY,290670,POSSIBLE_MEANINGFUL,MEDIUM,CLOSED_FIT_GATE,"C015,C024,C060",Closed isolation and deeper subbass while maintaining analog connection.,"Compared with FT1 ~216–230k, 306k MDR-M1 has shallow cup and 4kHz voice recession risks.",NOT_PROVEN,KEEP_OR_DEFER_NO_HARD_REJECT
C014,Sony,MDR-MV1,2026-10-09,UNKNOWN,498000,498000,INDEXED_GENUINE_SNAPSHOT,LOW,OFFICIAL_ONLY,474050,POSSIBLE_MEANINGFUL,MEDIUM,PREMIUM_TREBLE_RISK,"C057,C001,C004",Open stage and extended bass for music and storytelling may justify higher tier.,Upper treble fatigue and uncertain objective sound improvement vs H6 Air ~246k.,NOT_PROVEN,KEEP_OR_DEFER_NO_HARD_REJECT
C015,FiiO,FT1,2026-10-09,230000,230000,215670,INDEXED_GENUINE_SNAPSHOT,MEDIUM,OFFICIAL_ONLY,213900,POSSIBLE_MEANINGFUL,MEDIUM,CLOSED_VALUE_FRONTIER,"C024,C013,C060",Closed-backed cinematic bass and generally smoother tuning at ~216–230k.,Early batch officially acknowledged pivot QC; confirm post-fix serial and Korean repair.,NOT_PROVEN,KEEP_OR_DEFER_NO_HARD_REJECT
C016,FiiO,FT1 PRO,2026-10-09,315000,312930,317000,RETAILER_2026_LISTED,MEDIUM,OFFICIAL_ONLY,285300,LIKELY_MEANINGFUL,MEDIUM,PLANAR_VALUE_FRONTIER,"C001,C002,C052,C021",Open planar has relatively flat midrange and measured controlled distortion with credible H7 sound shift.,Initial batch pivot/rattle QC; headroom for low-end movie impact lower than FT1; genuine stock at checkout.,NOT_PROVEN,KEEP_OR_DEFER_NO_HARD_REJECT
C032,aune,AR5000 MK2,2026-10-09,UNKNOWN,538000,538000,SPECIALIST_PRICE_OLD_LISTING,LOW,OFFICIAL_ONLY,UNKNOWN,POSSIBLE_MEANINGFUL,LOW,HIGH_EVIDENCE_GAP,"C002,C030,C040",New metal frame and warm spacious tuning may appeal long term.,"Only one independent rig, impedance figures conflicting; price premium unproven.",NOT_PROVEN,KEEP_OR_DEFER_NO_HARD_REJECT
C054,Sennheiser,HD 505 Copper Edition,2026-10-09,UNKNOWN,236000,236000,INDEXED_GENUINE_SNAPSHOT,LOW,OFFICIAL_ONLY,UNKNOWN,LIKELY_MEANINGFUL,MEDIUM,MID_ENTRY_IF_PREFER_SOUND,"C001,C002,C010",HD505 balanced modern model at ~236k may suit mellow vocals.,"560S current promo 189k and HD550 254k, so performance advantage at 236k remains unproven.",NOT_PROVEN,KEEP_OR_DEFER_NO_HARD_REJECT
C057,Sony,INZONE H6 Air,2026-10-09,263800,246050,246050,INDEXED_GENUINE_SNAPSHOT,MEDIUM,OFFICIAL_ONLY,250170,POSSIBLE_MEANINGFUL,MEDIUM,LIGHT_GAMING_COMFORT_OPTION,"C001,C014,C052",Very light open gaming/voice headphone with domestic Sony channel; passive analog compatible.,"Versus 560S ~189k, extra gaming branding/mic not user priority, film subbass weaker.",NOT_PROVEN,KEEP_OR_DEFER_NO_HARD_REJECT
C004,Sennheiser,HD 490 PRO,2026-10-09,UNKNOWN,675000,675000,INDEXED_GENUINE_SNAPSHOT,LOW,OFFICIAL_ONLY,UNKNOWN,LIKELY_MEANINGFUL,MEDIUM,PRO_STUDIO_LONG_TERM,"C001,C002,C003","Two distinct tuning pads, studio construction and comfortable wear; future professional option.","Cost ~3.5x active 560S promo, no measured equivalent technical improvement of that magnitude.",NOT_PROVEN,KEEP_OR_DEFER_NO_HARD_REJECT
C006,beyerdynamic,DT 900 PRO X,2026-10-09,UNKNOWN,425000,425000,INDEXED_GENUINE_SNAPSHOT,LOW,OFFICIAL_ONLY,UNKNOWN,POSSIBLE_MEANINGFUL,MEDIUM,PRO_BUILD_COST_GATE,"C001,C010",Robust replacement-pad build and different open tonal character could justify specialty choice.,"HD560S ~189k much cheaper, distinct superior musical gain unproven; 4kHz response/weight concerns.",NOT_PROVEN,KEEP_OR_DEFER_NO_HARD_REJECT
C012,Audio-Technica,ATH-R30x,2026-10-09,178400,173880,173880,INDEXED_GENUINE_SNAPSHOT,LOW,OFFICIAL_ONLY,UNKNOWN,SMALL_OR_UNCERTAIN,LOW,SMALL_STEPUP_HOLD_VALUE,"C001,C010","Cheaper new-generation open reference, close to HD560S 189k.","Only ~15120 won cheaper than 560S promo; weaker technical improvement data, official model page SOLD OUT.",NOT_PROVEN,KEEP_OR_DEFER_NO_HARD_REJECT
C017,FiiO,FT3,2026-10-09,UNKNOWN,361090,361090,VARIANT_UNRESOLVED_INDEXED,UNKNOWN,OFFICIAL_ONLY,UNKNOWN,INSUFFICIENT_VARIANT_DATA,UNKNOWN,SKUPRICE_INCOMPARABLE,"C016,C001",Different 32/350Ω FT3 versions may have meaningful unique dynamics.,"Do not compute price-to-performance until exact SKU, pads and driver are identified.",NOT_PROVEN,KEEP_OR_DEFER_NO_HARD_REJECT
C018,FiiO,FT5,2026-10-09,UNKNOWN,567790,567790,INDEXED_GENUINE_SNAPSHOT,LOW,OFFICIAL_ONLY,UNKNOWN,POSSIBLE_MEANINGFUL,LOW,PREMIUM_DARK_PLANAR,"C016,C052",Distinct warm dark planar presentation may suit relaxed listening.,FT1 PRO ~317k much cheaper; FT5 weight 456g and lack of verified resolution edge.,NOT_PROVEN,KEEP_OR_DEFER_NO_HARD_REJECT
C024,AKG,K371,2026-10-09,UNKNOWN,235000,235000,INDEXED_GENUINE_SNAPSHOT,LOW,OFFICIAL_ONLY,234000,LIKELY_MEANINGFUL,MEDIUM,CLOSED_VOCAL_FRONTIER,"C015,C060,C013","Flat midrange and subbass extension in sealed reference, H7 vocal likely clearer.",FT1 ~216–230k offers distinct warmer alternative; glasses seal and exact seller warranty.,NOT_PROVEN,KEEP_OR_DEFER_NO_HARD_REJECT
C027,Shure,SRH440A,2026-10-09,UNKNOWN,157440,157440,INDEXED_GENUINE_SNAPSHOT,LOW,OFFICIAL_ONLY,UNKNOWN,SMALL_OR_UNCERTAIN,LOW,CHEAP_BUT_UPGRADE_UNPROVEN,"C012,C060,C001","Lowest nominal new genuine listing among PASS, but confirmed H7 gains insufficient.",Even at 157k may not be worthwhile replacing functional H7; SRH440A measurement/version gaps.,NOT_PROVEN,KEEP_OR_DEFER_NO_HARD_REJECT
C028,Shure,SRH840A,2026-10-09,UNKNOWN,178000,178000,IMPORT_ONLY,LOW,IMPORT_ONLY,UNKNOWN,SMALL_OR_UNCERTAIN,LOW,IMPORT_UPGRADE_UNPROVEN,"C027,C024,C001",Warm studio monitor possible H7 tonal shift.,Different import warranty than Korean genuine; A-suffix tests sparse; cannot claim low-cost upgrade floor.,NOT_PROVEN,KEEP_OR_DEFER_NO_HARD_REJECT
C030,Meze,105 AER,2026-10-09,UNKNOWN,576030,576030,INDEXED_GENUINE_SNAPSHOT,LOW,OFFICIAL_ONLY,518440,POSSIBLE_MEANINGFUL,LOW,PREMIUM_RELAXED_OPEN,"C003,C040,C002","Meze distinctive warm open sound, design and serviceable headband may justify specialty spend.",More than ~2x HD550 promo; direct H7 resolution improvement not established; some ear contact.,NOT_PROVEN,KEEP_OR_DEFER_NO_HARD_REJECT
C033,aune,SR7000,2026-10-09,UNKNOWN,863330,863330,INDEXED_GENUINE_SNAPSHOT,LOW,OFFICIAL_ONLY,UNKNOWN,POSSIBLE_MEANINGFUL,LOW,HIGH_PRICE_INSUFFICIENT_PREMIUM,"C013,C015,C039",Closed monitor tries broad soundstage with vocal focus; future specialty possible.,"At >860k versus 216k FT1 / 306k MDR-M1, magnitude of sonic advantage not yet established.",NOT_PROVEN,KEEP_OR_DEFER_NO_HARD_REJECT
C037,Audeze,MM-100,2026-10-09,UNKNOWN,638680,638680,INDEXED_GENUINE_SNAPSHOT,LOW,OFFICIAL_ONLY,621200,UNCERTAIN,LOW,PREMIUM_DISPUTED_AUDIO,"C016,C052",Audeze planar mid-focus and parts repairability retain niche interest.,"RTINGS/SoundGuys music verdicts strongly disagree, 475g and 639k price; high spending unsupported now.",NOT_PROVEN,KEEP_OR_DEFER_NO_HARD_REJECT
C039,Focal,Azurys,2026-10-09,UNKNOWN,664000,664000,LONG_PUBLIC_DISCOUNT,MEDIUM,OFFICIAL_ONLY,UNKNOWN,POSSIBLE_MEANINGFUL,LOW,PREMIUM_CLOSED_SPECIALTY,"C015,C013,C024",Focal build and closed dynamic punch could have unique refinement.,"~3x FT1 current display and direct H7 improvement only plausible, not strong proof; warrant premium listening.",NOT_PROVEN,KEEP_OR_DEFER_NO_HARD_REJECT
C040,Focal,Hadenys,2026-10-09,UNKNOWN,766500,766500,LONG_PUBLIC_DISCOUNT,MEDIUM,OFFICIAL_ONLY,UNKNOWN,LIKELY_MEANINGFUL,LOW,PREMIUM_OPEN_SPECIALTY,"C003,C002,C030","Focal smooth midrange, natural tone and presentation may be future high-end target.","Cost ~3x HD550 Oct promo, headband/ear clearance complaints and no replicated technical superiority.",NOT_PROVEN,KEEP_OR_DEFER_NO_HARD_REJECT
C041,Austrian Audio,Hi-X65,2026-10-09,UNKNOWN,699000,699000,INDEXED_GENUINE_SNAPSHOT,LOW,OFFICIAL_ONLY,UNKNOWN,POSSIBLE_MEANINGFUL,LOW,PREMIUM_PRO_MONITOR,"C010,C004,C006",Analytical monitoring and globally available replacement pad kits support longevity.,"Against 249k R50x, premium without unequivocal musical gain; Korean pad supply not proven.",NOT_PROVEN,KEEP_OR_DEFER_NO_HARD_REJECT
C044,Corsair,VIRTUOSO PRO,2026-10-09,UNKNOWN,240490,240490,INDEXED_GENUINE_SNAPSHOT,LOW,OFFICIAL_ONLY,UNKNOWN,POSSIBLE_MEANINGFUL,LOW,GAMING_HEADSET_LOW_PRIORITY,"C001,C010,C057","Genuinely passive open-back and credible midrange, unlike typical USB-only gaming equipment.",Current HD560S 189k offers directly prioritized hi-fi reference; mic/game features low value and non-RTINGS acoustic data limited.,NOT_PROVEN,KEEP_OR_DEFER_NO_HARD_REJECT
C052,ASUS,ROG Kithara,2026-10-09,UNKNOWN,480700,480700,INDEXED_GENUINE_PRICE_CONFLICT,LOW,OFFICIAL_ONLY,435880,LIKELY_MEANINGFUL,MEDIUM,PREMIUM_PLANAR_SPECIALTY,"C016,C003,C057","Strong independent subjective/technical open planar tuning; remains high-priced candidate, not cost-only exclusion.","480700 vs independent 499000 source conflict, 420g and clamp, incremental sound gains vs 317k FT1 PRO unclear.",NOT_PROVEN,KEEP_OR_DEFER_NO_HARD_REJECT
C060,AKG,K361,2026-10-09,UNKNOWN,190000,190000,INDEXED_GENUINE_SNAPSHOT,LOW,OFFICIAL_ONLY,171000,POSSIBLE_MEANINGFUL,LOW,CLOSED_BUDGET_OPTION,"C015,C024,C027",Passive neutral-ish closed studio alternative retaining privacy at low upfront cost.,"At similar price to 189k open 560S, different isolation use; FT1 ~216k may offer more cinematic improvement.",NOT_PROVEN,KEEP_OR_DEFER_NO_HARD_REJECT
