Candidate_ID,Research_Priority,Independent_Source_1,Independent_Source_2,FR_Bass,FR_Midrange,FR_Treble,Distortion,StereoMatching,Listening_Character,UseCases,Contradictions_And_Caveats,Audio_Confidence
C001,HIGH,RTINGS|https://www.rtings.com/headphones/reviews/sennheiser/hd-560s,DIY-Audio-Heaven|https://diyaudioheaven.wordpress.com/measurements/brands-s-se/hd-560s/,Bass rolls off toward subbass,Relatively neutral forward clear,Mild bright/analytic tendency; revision sensitivity,Low reported in ordinary playback,Generally matched,Clear mids and spatial perception; listener treble preference matters,Music/dialogue strong; movie subbass/room privacy trade-off,Soundstage perception varies; 2022 revisions may differ,MEDIUM
C002,HIGH,DIY-Audio-Heaven|https://diyaudioheaven.wordpress.com/measurements/brands-s-se/hd550/,SoundGuys|https://www.soundguys.com/sennheiser-hd-550-review-134419/,Well-extended for dynamic open; not subbass-heavy,"Mostly neutral, mildly full",Upper treble sparkle; small 7 kHz lift,No major audible issue in covered testing,Official measurement discussion favorable,Fuller than 560S; relaxing but still precise,"Balanced music, vocals, games; open-back leakage",Source favors 550 but upgrades vs 560S subtle and not universal,MEDIUM
C003,HIGH,RTINGS|https://www.rtings.com/headphones/reviews/sennheiser/hd-600,DIY-Audio-Heaven|https://diyaudioheaven.wordpress.com/measurements/brands-s-se/hd600-2/,Subbass rolloff; midbass relatively neutral,Excellent natural/clear midrange,Smooth; pad-age may shift,Low above ~100Hz in independent bench,Excellent in RTINGS; small LF asymmetry on older independent sample,Strong vocal timbre; intimate rather than exaggerated stage,Acoustic music and dialog strong; subbass cinematic weight lower,Pad age and revisions alter balance; soundstage size subjective,HIGH
C010,HIGH,DIY-Audio-Heaven|https://diyaudioheaven.wordpress.com/measurements/audio-technica/ath-r50x/,Headphones.com|https://headphones.com/blogs/reviews/the-updated-audio-technica-r-series-line-up-r70xa-r50x-and-r30x-review,Open bass reaches ~30Hz; moderate elevation,Mostly linear ~200Hz-3.5kHz,6-10kHz raised; brightness/fatigue concern,No supported universal low-distortion benchmark across two benches,Excellent DIY left/right matching,"Light, articulate and airy; apparent extra detail may reflect treble lift",Gaming/mixing spatial cues; harsh masters and long sessions caution,Headphones.com finds R50x brighter than R70xa; listeners vary,MEDIUM
C011,HIGH,Headphones.com|https://headphones.com/blogs/reviews/the-updated-audio-technica-r-series-line-up-r70xa-r50x-and-r30x-review,MusicRadar|https://www.musicradar.com/music-tech/headphones/audio-technica-ath-r70xa-review,Subbass less than full-size sealed/planar; midbass punch,"Natural present vocals, somewhat thinner dialogue per one reviewer",Mostly controlled with some listener-dependent 7-9kHz unevenness,Independent same-condition THD data insufficient,Independent rigs vary by headphone seating/seal,Refined light monitoring headphone with broad balanced stage,"Music/dialogue high potential, gaming openness; 470-ohm amp headroom verify",Headphones.com hears bright sparkle; MusicRadar hears restrained treble,MEDIUM
C013,HIGH,SoundGuys|https://www.soundguys.com/sony-mdr-m1-review-ol-reliable-gets-a-new-version-128453/,DIY-Audio-Heaven|https://diyaudioheaven.wordpress.com/measurements/brands-st-x/mdr-m1/,Excellent subbass extension and elevated bass,"Warm/slightly laid-back presence, 4kHz dip",Upper treble air without strong obvious sibilance,SoundGuys reports elevated distortion only at very high unsafe levels,DIY decent; measurement dependent on seal,Rich relaxed closed-back; may hide vocal consonant detail,Film bass and isolation; vocals critical comparison against H7,"Both detect recessed presence, caution exaggerated 'detail' claims",HIGH
C014,HIGH,RTINGS|https://www.rtings.com/headphones/reviews/sony/mdr-mv1,SoundGuys|https://www.soundguys.com/sony-mdr-mv1-review-112857/,Unusually full bass for open-back; fit-dependent,Warm/low-mid emphasis,Strong high treble energy; sibilance and fatigue risk,No assured two-source precise THD values,RTINGS fit/seal response variability,Wide spacious perceived field; treble can sound etched,Game effects and stage compelling; voice sibilance in anime/music risk,"Shared finding on treble energy, different subjective usefulness",HIGH
C015,HIGH,RTINGS|https://www.rtings.com/headphones/reviews/fiio/ft1,DIY-Audio-Heaven|https://diyaudioheaven.wordpress.com/measurements/fiio/ft1/,Elevated warm/deep bass; glasses seal changes quantity,Mids overall even but warmth may obscure edges,Mostly smooth with some cup/pad-dependent variation,Low audible coloration in RTINGS,Good but minor phase difference in RTINGS sample,Easygoing cinematic closed-back sound,Movies/general games and bass-forward music; dialogue check,Strong low-bass seal variability may undermine consistency,HIGH
C016,HIGH,RTINGS|https://www.rtings.com/headphones/reviews/fiio/ft1-pro,DIY-Audio-Heaven|https://diyaudioheaven.wordpress.com/measurements/fiio/ft1-pro/,Flat/slightly lean relative to FT1; bass extended,Clean open mids; slight upper-mid/lower-treble softness,Some 8kHz+ sparkle/sharp edge,"Low distortion measured in DIY at 90dB, localized resonance",Fairly good DIY matching and good seal stability,Balanced/planar openness rather than bass-forward excitement,Music/games/animation likely versatile; bass punch and glare preference,RTINGS label bass slightly low while DIY calls it neutral: target/fixture difference,HIGH
C032,HIGH,Pragmatic Audio|https://www.pragmaticaudio.com/reviews/2026/05/aune-ar5000-mk2/,Headphones.com customer feedback|https://headphones.com/products/aune-ar5000-mk2-headphones,Warm with more midbass than old AR5000,Midrange slightly less full than first gen,"Extended/relaxed overall, exact treble contour uncertain",Single independent reviewer says clean; no second measurement,Single measurement suggests close channel match,"Reported more body, angled spacious presentation","Music, dialogue and film warm character worth assessing",Impedance claims conflict: Pragmatic 64ohm vs dealer 28ohm; no two independent labs,LOW
C054,HIGH,SoundGuys|https://www.soundguys.com/sennheiser-hd-505-review-132923/,Headphones.com measurements|https://forum.headphones.com/t/sennheiser-hd-505-copper-edition-measurements-official-discussion/25230,"Adequate, not intense subbass",More filled-in than HD560S per reviewer,Generally smooth but comparative preferences vary,SoundGuys measurement available; no second numeric THD confirmation,Second independent rig measurements in discussion,Good vocal clarity and lightweight open presentation,"Music, animation dialogue and general gaming promising; low isolation",Single review judges 505 better than 560S while others prefer 550; no universal upgrade,MEDIUM
C057,HIGH,RTINGS|https://www.rtings.com/headphones/reviews/sony/inzone-h6-air,SoundGuys|https://www.soundguys.com/sony-inzone-h6-air-review-155938/,Reduced deep subbass; action/RPG lowend enough for some,Natural mildly forward midrange,Upper treble lower than response curve reference; nonaggressive,RTINGS and SoundGuys use different distortion metrics,RTINGS finds adequate precision; full joint assessment pending,Very open lightweight gaming headset sharing MDR-MV1 driver family,Action/RPG/dialogue and long session use; sound leakage high,Same driver family != same total headphone tuning or MDR-MV1 sonic quality,HIGH
C004,MEDIUM,RTINGS|https://www.rtings.com/headphones/reviews/sennheiser/hd-490-pro,DIY-Audio-Heaven|https://diyaudioheaven.wordpress.com/measurements/brands-s-se/hd490-pro/,"Low bass slight rolloff, neutral mids",Neutral/clear dialogue region,Smooth and pad-dependent; mixing pad brighter,RTINGS low coloration noted,Reasonable stereo match,Two supplied pads change sound balance materially,"Music and media, long listening, analytic monitoring",Research must pin Mixing or Producing pad variant,HIGH
C006,MEDIUM,RTINGS|https://www.rtings.com/headphones/reviews/beyerdynamic/dt-900-pro-x,DIY-Audio-Heaven|https://diyaudioheaven.wordpress.com/measurements/brands-a-i/dt-900-pro-x/,Full for open-back in DIY; RTINGS notes lack of deepest bass,"Warm low mids, soft vocal presence 4kHz feature",Less bright than old DT990 but high end uneven,Independent manufacturer-design claims not used as quantitative distortion,Generally decent,Robust musical open-back with wide stage,"General gaming and music, bright/veiled trade-off","Measurement rigs differ in bass extension, ear transfer at ~4kHz",MEDIUM
C012,MEDIUM,DIY-Audio-Heaven|https://diyaudioheaven.wordpress.com/measurements/audio-technica/ath-r30x/,Headphones.com|https://headphones.com/blogs/reviews/the-updated-audio-technica-r-series-line-up-r70xa-r50x-and-r30x-review,Reviewer hears lean bass; curve has hump,Clear fairly balanced midrange,Variable unexpected harshness and bright parts,Two independent THD labs unavailable,Fit/head transfer variability acknowledged,Budget reference with less precise imaging than R50x,Light home music and games but bass/film weight a concern,Reviewer notes measurement/personal listening mismatch,MEDIUM
C017,MEDIUM,DIY-Audio-Heaven|https://diyaudioheaven.wordpress.com/measurements/fiio/fiio-ft3/,Ichos Reviews|https://ichos-reviews.com/fiio-ft3-review/,"350ohm more controlled, 32ohm more boosted; not the same tuning","350ohm reference-oriented, 32ohm warmer vocal-forward",FT3 can have sharp 5-10k peaks and fatigue,DIY measured substantial LF 3rd harmonic and dynamic compression for tested unit,"DIY measurements refer to edition, not all variants",Open dynamic with large driver but treble not uniformly refined,Need separate SKU and ear-pad condition before users' audio judgment,CRITICAL: 32 and 350 ohm variants differ in diaphragm/tuning and cannot share score,LOW
C018,MEDIUM,Headfonics|https://headfonics.com/fiio-ft5-review/,Headphonesty|https://www.headphonesty.com/2024/04/fiio-ft5-review/,Full warm/tactile bass,Rich natural mids and vocals,Dark/smooth; may hide high-treble sparkle,Independent numeric distortion comparison missing,No controlled second measurement,Relaxed planar presentation with forgiving treble,Music and films suitable if dark signature preferred,Detail may be perceived as veiled; strong flavor not universal,MEDIUM
C024,MEDIUM,RTINGS|https://www.rtings.com/headphones/reviews/akg/k371,DIY-Audio-Heaven|https://diyaudioheaven.wordpress.com/measurements/akg/k371/,Very deep subbass with successful seal,Balanced full mids,Treble fairly even but slight coarse texture,DIY notes localized ~5k distortion peak,"Mostly good, seal dependent",Closed neutral studio reference with subbass,Movies/dialogue/music in quieter or shared rooms,RTINGS and DIY differ in treble nuance; fit breaks bass,HIGH
C027,MEDIUM,MusicTech|https://musictech.com/reviews/studio-recording-gear/shure-srh440a-srh840a-review/,Shure official|https://www.shure.com/en-US/docs/guide/SRH440A,Warm/rich bass per first-hand review,Relaxed detailed vocals,Smooth/nonfatiguing treble,No independent precise harmonic distortion data for A version,UNKNOWN,Musical studio closed-back on modest budget,Movies and music expected comfortable warm tonality,Do NOT substitute RTINGS old SRH440 (no A) measurements,LOW
C028,MEDIUM,MusicTech|https://musictech.com/reviews/studio-recording-gear/shure-srh440a-srh840a-review/,Shure official|https://pubs.shure.com/view/guide/SRH840A/ko-KR.pdf,"Warm weight, more spacious per review",Present soft mids,Smooth extended highs per review,Two calibrated THD benches lacking,UNKNOWN,Relaxed studio monitor balance,Music/dialogue and film possible but full separate measurement missing,Do NOT mix old SRH840 non-A revision with SRH840A,LOW
C030,MEDIUM,Headfonics|https://headfonics.com/meze-audio-105-aer-review/,Pragmatic Audio|https://www.pragmaticaudio.com/reviews/2025/01/meze-105-aer/,Midbass warm and solid,Rounded vocal timbre,"Headfonics hears smooth, Pragmatic notes brighter spots",Pragmatic reports low distortion with clone rig,Independent rigorous channel-match replication absent,"Fun spacious musical tune, good separation and imaging reported","Music, soundtrack, drama voice performance potentially compelling",Treble smoothness assessments vary and fixture differs,MEDIUM
C033,MEDIUM,Pragmatic Audio|https://www.pragmaticaudio.com/reviews/2024/10/aune-sr7000/,Audioreviews|https://www.audioreviews.org/aune-sr7000-review/,"Balanced bass, not as bass heavy as FT1",Good clear forward mids,Treble refined but upper-air emphasis depending recording,Limited independent lab distortion confirmation,UNKNOWN,Closed-back that attempts open-like width,H7 closed replacement candidate with vocal clarity focus,"One review finds 1.5-2k rise jarring, other smoother",MEDIUM
C037,MEDIUM,RTINGS|https://www.rtings.com/headphones/reviews/audeze/mm-100,SoundGuys|https://www.soundguys.com/audeze-mm-100-review-113068/,Accurate bass/mid according to RTINGS,Pronounced vocal/presence per SoundGuys,Treble recessed relative to reference,RTINGS low THD; SoundGuys favorable distortion score,Well matched in RTINGS,Studio midrange may feel thin/forward for music,"Games/dialogue possible, cinematic treble balance conditional",IMPORTANT: RTINGS broadly positive; SoundGuys strongly critical. Do not assert clear upgrade,LOW
C039,MEDIUM,SoundGuys|https://www.soundguys.com/focal-azurys-review-117161/,Headfonics|https://headfonics.com/focal-azurys-review/,Warm enjoyable punch,Clean soft-ish vocals,Lower-treble flavor with restricted upper extension,Single site has measured distortion; other subjective only,UNKNOWN,Compact premium closed-back with colorful dynamics,Film/music closed listening strong; isolation poorer than expected,Headfonics reports reduced top-octave air; user fit matters,MEDIUM
C040,MEDIUM,SoundGuys|https://www.soundguys.com/focal-hadenys-review-117165/,Headfonics|https://headfonics.com/focal-hadenys-review/,Full for open-back; punch,Rounded mids and vocals,Smooth refined nonfatiguing top end,"Measured preference distortion good, not perfect",Not cross-rig validated,Well built musical open-back; rather than aggressively resolving,"Music, drama and cinema ambience suitable for laid-back listening",Headfonics notes detail not outstanding; SoundGuys strongly positive total quality,MEDIUM
C041,MEDIUM,headphonecheck|https://www.headphonecheck.com/test/austrian-audio-hi-x65/,MusicTech|https://musictech.com/reviews/studio-recording-gear/austrian-audio-hi-x65-review/,"Tight low bass, level perceived as modest",Very detailed clear monitoring mids,Some reviews hear occasional sibilance,Measurement on headphonecheck but two independent THD sets absent,UNKNOWN,Open reference/analytical high detail,"Music/acoustic and games positioning possible, warmth preference important",Source/spec disagreement 25ohm vs 48ohm and weight; confirm exact spec,MEDIUM
C044,MEDIUM,RTINGS|https://www.rtings.com/headphones/reviews/corsair/virtuoso-pro,RTINGS comparison|https://www.rtings.com/headphones/tools/compare/corsair-virtuoso-pro-turtle-beach-atlas-air/44919/59635,Bass low-ext rolloff yet midbass weight,Accurate mids for dialogue,Moderately even treble,RTINGS low harmonic distortion,Strong repeat fit consistency,"Warm but open speaker-like stage, not merely FPS hardware",Dialogue/game soundstage and music with bass expectations,Only one independent measurement lab; second link same provider NOT independent,LOW
C052,MEDIUM,RTINGS|https://www.rtings.com/headphones/reviews/asus/rog-kithara,SoundGuys|https://www.soundguys.com/hifiman-rog-kithara-review-151437/,Flat-ish planar bass; some report cinematic bass light,Natural mids,Neutral/clean but listener-dependent,"Two lab methods, precise numeric comparative THD limited",Independent rigs available,Planar studio-like clarity rather than standard gaming DSP,"Music/general gaming, heavy 420g comfort to Step7",Sound quality plus fit trade-off; higher cost alone not evidence of sonic weakness,HIGH
C060,MEDIUM,RTINGS|https://www.rtings.com/headphones/reviews/akg/k361,RTINGS comparison|https://www.rtings.com/headphones/tools/compare/akg-k361-akg-k371/22544/1671,Controlled close-back bass,Fairly even mids,Neutral-ish and less refinement than expensive rivals,Only one independent lab in currently collected refs,RTINGS unit matching examined,Lower-cost studio closed-back alternative,Music/dialogue in shared environments; seal sensitivity,Second url shares RTINGS lab and does NOT count independent second source,LOW
