Candidate_ID,Stage5_Status,Research_Priority,Comparable_Candidate_IDs,Decision_Rationale,Validation_Question,Evidence_IDs
C001,PASS,HIGH,"C010,C016",균형 잡힌 오픈형 기준군이며 H7 아날로그 대비 보컬과 공간감 검증 가치가 높음,미세 해상력과 착용감이 현용 H7 대비 얼마나 개선되는가,"E0200,E0006"
C002,PASS,HIGH,"C001,C054",신형 유선 오픈형으로 구형 560S와 505 대비 가격차에 상응하는 성능 확인 가치,HD550과 HD560S/505의 음색 및 해상도 비교,E0011
C003,PASS,HIGH,"C001,C010",장기 현역 보컬과 중역 레퍼런스이며 단종 아닌 공식 취급 제품,H7보다 체감 개선 폭과 저역 양감 변화,E0011
C004,PASS,MEDIUM,"C003,C014",고가라도 음악과 일반 게임용 오픈형 전문제품으로 장기 후보 가치 존재,교체형 패드와 공간감/보컬 우위가 추가 지출을 정당화하는가,E0012
C005,HOLD,LOW,"C013,C027",HD480 PRO는 밀폐형이지만 국내 정품 실가격 없이 오래된 해외구매 스냅샷만 있음,한국 정식유통/신품가와 독립 측정 확보,"E0089,E0090"
C006,PASS,MEDIUM,"C010,C001",비싼 가격에도 견고한 구조와 넓은 오픈형 무대를 갖추어 단정적 열위는 아님,ATH-R50x 대비 착용감/고역/이미징의 실익 검증,"E0201,E0202,E0203"
C007,HOLD,MEDIUM,"C006,C010",정확한 일반판 국내 가격이 없고 LB 한정판 가격만 확인됨,일반판 SKU 정품 구매가와 최신 직접 비교,E0013
C008,HOLD,MEDIUM,"C013,C015",정확한 기본형 판매가 부재 및 밀폐형 동가격대 비교 미완료,LB 한정판과 기본형을 분리해 실제 구입가 확인,E0013
C009,HOLD,LOW,"C001,C044",TYGR300R 국내 실구매가격 미확인 및 사용자에게 마이크/경쟁 FPS 가치 낮음,한국 정품가격과 음악·영화 비교 리뷰 확보,E0136
C010,PASS,HIGH,"C001,C006",국내 20만원대 신형 오픈형이며 독립 측정과 게임+음악 실청취 근거 확보,선명한 고역이 실제 세밀함인지 장시간 피로인지 점검,"E0202,E0203"
C011,PASS,HIGH,"C010,C003",무게가 낮고 상위 레퍼런스 모델이라 중역/해상력 향상 가치 확인 필요,AE5의 470옴 구동 여유 및 업그레이드 폭,E0015
C012,PASS,MEDIUM,"C001,C010",국내 10만원대 후반 신형 오픈형으로 저비용 업그레이드 문턱 확인에 중요,R50x 대비 음향 차이가 얼마나 큰가,"E0015,E0202"
C013,PASS,HIGH,"C015,C024",유선 밀폐형 스튜디오 모니터로 H7 차음 유지하며 보컬 개선 가능성 확인,FT1/K371과 음질·착용감 직접 비교,E0094
C014,PASS,HIGH,"C057,C001",유선 오픈형 Sony Pro 제품으로 범용 음악·영상 공간감 후보,H6 Air와 동일 계열 드라이버에 따른 가격차 실익,"E0095,E0215"
C015,PASS,HIGH,"C013,C024",한국 정품 표시가격의 신뢰성이 상대적으로 높고 밀폐형 음향 개선 가능성 존재,H7 및 MDR-M1 K371 대비 저역 질과 보컬,E0097
C016,PASS,HIGH,"C021,C052",상대적으로 접근 가능한 평판형 오픈형으로 측정 및 경쟁제품 비교 자료 풍부,Edition XS/Kithara 대비 고역·무대·착용감,"E0204,E0205,E0214"
C017,PASS,MEDIUM,"C001,C010",유선 오픈형 구조와 국내 표시가격 있으며 동가격대 신품 비교 가치 존재,560S/R50x 대비 실제 해상력 향상 여부,E0137
C018,PASS,MEDIUM,"C016,C037",가격은 높지만 평판형 음향 성능과 교체 가능 부품으로 장기 후보 보존,FT1 PRO 대비 25만원 이상 지출의 명확한 음질 실익,E0138
C019,HOLD,MEDIUM,"C016,C020",공식몰 신품 품절로 실구매 가능 가격 없고 리퍼 변형 위험 존재,국내 신품 재고와 개별 제품 리비전 확인,E0020
C020,HOLD,MEDIUM,"C016,C021",SUNDARA 국내 공식 신품 품절로 공정한 신품가격 비교 불가,새 제품 실재고와 리비전 및 착용/QC 확인,E0020
C021,HOLD,HIGH,"C016,C052",Edition XS는 높은 오디오 잠재력이나 한국 공식몰 품절·리퍼 가격이므로 신품 구매가 불명확,정품 신품 재고와 가격이 확인되면 우선 재개,"E0205,E0248"
C022,HOLD,HIGH,"C021,C016",ANANDA NANO 공식 신품 품절로 459000원 표시가 구매 가능 가격이 아님,밀봉 정품 실재고와 보증 확인,E0020
C023,HOLD,MEDIUM,"C021,C016",Edition XV 확인 가격은 오픈박스 위주라 신품가격과 AS 불확실,정품 미개봉 판매처 및 구체 리비전 확인,E0020
C024,PASS,MEDIUM,"C015,C060",균형 잡힌 유선 밀폐형 모니터로 저가 대안과 비교하기 유용,K361/FT1 대비 착용감 및 보컬 차이,"E0206,E0207"
C025,HOLD,LOW,"C059,C012",저렴한 오픈형이지만 저역 부족이 알려졌고 H7 대비 확실한 업그레이드 근거 부족,70천원 수준에서 체감 개선 가능한 용도 구분,"E0208,E0209"
C026,HOLD,LOW,"C025,C061",필립스 한국 공식 단종이며 판매 표시 가격이 구재고일 수 있음,신품 실재고 제조일과 X2HR 고유 공간감 장점 확인,E0103
C027,PASS,MEDIUM,"C028,C060",국내 공식 지원이 있는 유선 밀폐형 모니터로 저가 음질 개선선 확인 가치,SRH840A와 K361 대비 보컬/피로도 차이,E0105
C028,PASS,MEDIUM,"C027,C024",상위 스튜디오 모니터로 밀폐형 음질 기준군이나 확인가격 수입 조건,정품가격과 K371/FT1 상대 성능,E0106
C029,HOLD,MEDIUM,"C015,C039",신형 Meze 밀폐형으로 장기 가치 있으나 국내 모델별 구매가 미확인,정품 가격과 특유의 음색·부품 가치 검증,E0108
C030,PASS,MEDIUM,"C003,C032",고가지만 착용 편의성과 음악 감상 특성을 고려할 가치가 있는 유선 오픈형,HD600과 AR5000 MK2 대비 가격차 음질 실익,E0041
C031,HOLD,MEDIUM,"C032,C001",신형 AR5000 MK2 등장 후 구형 AR5000 해외구매가격만 확인,한국 정품 재고와 MK2 대비 동가격대 효율,E0109
C032,PASS,HIGH,"C001,C030",2026 신형 풀사이즈 오픈형이며 H7 대비 성능 개선 가능성 탐색 가치 높음,AR5000 1세대 및 HD560S 대비 독립 측정 확보,E0109
C033,PASS,MEDIUM,"C013,C039",고가의 유선 밀폐형이지만 AS/착용/음질 잠재력은 가격만으로 배제할 수 없음,저렴한 MDR-M1/FT1과 대비 확실한 개선 있는지,E0139
C034,HOLD,LOW,"C032,C030",AR3000은 전시 확인만 있고 판매 개시와 국내 가격 불확실,실제 출시/국내 정품 신품 판매 확인,E0110
C035,HOLD,MEDIUM,"C016,C021",PARA2 공식 제품군은 확인되나 한국 신품 가격과 AS 경로 미확인,정식 판매처 및 독립 실측 리뷰 확보,E0030
C036,HOLD,LOW,"C001,C032",HORIZON 공식 존재만 확인되며 국내 구매 가격과 비교 음질 자료 부족,국내 실재고와 동가격 비교 근거 확보,E0030
C037,PASS,MEDIUM,"C016,C018",고가여도 Audeze 평판형의 고유 기술과 공식 부품으로 장기 후보 가치,FT1 PRO 대비 음질·무게·편안함의 추가 지출 실익,E0112
C038,HOLD,MEDIUM,"C015,C052",Maxwell2는 3.5 AUX 사용 가능하나 가격 미확인·배터리형 플랫폼 차이,국내 정품 실가격과 AE5 AUX 상태의 음질 비교,"E0221,E0113"
C039,PASS,MEDIUM,"C013,C015",고가 Focal 밀폐형은 마감·해상력 향상 잠재력 있어 가격만으로 제외 불가,MDR-M1 FT1 대비 실제 차이와 착용감 검증,E0114
C040,PASS,MEDIUM,"C003,C030",고가 Focal 오픈형은 HD600/Meze와 성격 다른 장기 업그레이드 후보,해상력 공간감/보컬의 가격상승 대비 개선,E0115
C041,PASS,MEDIUM,"C010,C004",고가지만 수리 가능한 스튜디오 오픈형이며 독립 비교할 가치 존재,ATH-R50x HD490 PRO 대비 음질/내구성,E0116
C042,HOLD,MEDIUM,"C016,C037",Fostex 일본 신품 부품은 확인되지만 한국 정품가격·구동 조건 불분명,실제 한국 유통 및 AE5 음압 충분성 확인,"E0140,E0141"
C043,HOLD,MEDIUM,"C003,C010",HD6XX 수입가격 429900원은 국내 HD600 표시가격보다 높고 AS 불리할 수 있음,HD600 대비 독립 성능 차이와 정상 수입가 확인,E0042
C044,PASS,MEDIUM,"C001,C016",비전통적 게이밍 브랜드이지만 패시브 유선 오픈형이며 마이크 없는 케이블 지원,H7/HD560S/FT1 PRO 대비 실청취 음질·착용 확인,E0211
C045,HOLD,LOW,"C015,C044",Cloud III는 저렴하지만 이미 H7을 가진 사용자에게 교체 가치 미확인,기존 H7 아날로그 대비 해상력·보컬 개선 독립 근거,E0056
C046,HOLD,LOW,"C013,C015",G PRO X2는 무선 마이크 등 저우선 기능값이 크고 측정상 유닛 매칭 이슈가 보고됨,동가격대 유선 제품보다 음악 해상력 우위인지 복수 근거 확인,E0220
C047,HOLD,LOW,"C013,C015",BlackShark V3 Pro는 FPS·마이크·무선 중심이며 현재 399000원 표시가,아날로그/유선 음악 감상 비교 근거와 대체 불가 장점 확인,E0223
C048,HOLD,LOW,"C045,C060",Tune 770NC는 ANC·무선 가치 중심이며 H7 대비 패시브 음질 개선 불확실,AE5 유선 패시브 청취시 음질과 착용감 검증,E0217
C049,HOLD,LOW,"C048,C050",Live 770NC는 후속 세대 출시·수입가격 위주이고 ANC 기능이 주가치,LIVE780NC와 실구매 보증 및 패시브 음질 검증,E0218
C050,HOLD,LOW,"C013,C015",QuietComfort 2세대는 유선도 전원 필요하고 ANC/휴대 편의성이 핵심; 순수 AE5 패시브 환경과 다름,전원 켠 유선 모드 성능과 편안함이 비용 정당화하는지,E0216
C051,HOLD,LOW,"C013,C030",Monitor III ANC는 배터리/ANC에 지불하는 몫이 크고 전문 리뷰상 무대 폭 아쉬움,유선 3.5mm 음질이 더 저렴한 유선 후보보다 나은가,E0219
C052,PASS,MEDIUM,"C016,C057",Kithara는 더 비싸지만 플래너 튜닝·빌드·구성의 실질 장점이 있어 FT1 PRO/H6 Air에 지배되지 않음,지나친 무게/측압의 사용자 손해와 음질 향상 균형,"E0212,E0213,E0214,E0215,E0225"
C053,HOLD,LOW,"C045,C057",구형 Nova7은 Gen2 존재에다 국내 Gen1 재고가 확인되지 않았고 무선 기능 우선순위 낮음,정확한 세대·유선가격·음질 업그레이드 여부,"E0222,E0128"
C054,PASS,HIGH,"C001,C002",HD505는 2025년 오픈형 신제품이면서 가격 23만원대라 HD560S 직접 경쟁,세대·음색 차이가 H7 업그레이드에 유리한가,E0071
C055,HOLD,LOW,"C015,C024",ATH-M50x는 모니터링 장기 현역이나 FT1/K371 대비 동일가격 음악 효율 불확실,국내 정품가격 21만원대와 직접 비교 측정,E0073
C056,HOLD,LOW,"C048,C045",Space One은 9만원대 ANC 무선 가성비지만 기존 H7+AE5 유선 음질 목적 차이,패시브 3.5mm 성능과 한국 공식 보증 확인,E0074
C057,PASS,HIGH,"C052,C014",H6 Air는 국내 정품 24만원대 오픈형으로 측정 비교 가능한 최신 게임+음악 제품,MDR-MV1와 Kithara 대비 음질/착용가치,"E0215,E0096"
C058,HOLD,LOW,"C050,C013",Nothing 1은 소비자 무선/ANC 제품이고 동일가격 유선 업그레이드 근거 부족,AE5 입력/전원모드와 실제 음질 개선 검증,E0076
C059,HOLD,LOW,"C025,C061",SHP9600은 한국 공식 단종이고 SHP9500과 성능 유사하나 저역 강화의 고유 이점 있어 단정 배제 곤란,저렴한 SHP9500 대비 음질 실익과 실제 신품 재고,"E0209,E0210"
C060,PASS,MEDIUM,"C024,C015",K361은 저렴한 패시브 밀폐형 균형 음질 후보로 K371보다 명백한 열위가 아님,H7·K371·FT1 보컬/저역 비교,"E0207,E0224"
C061,HOLD,MEDIUM,"C001,C012",HD599는 가격이 낮고 편안함 장점 있지만 상위 HD560S와 체감 향상 차이 불확실,장기 생산·국내 패드 보증과 HD560S 대비 음악 표현,E0011
C062,HOLD,LOW,"C012,C061",ATH AD500X 해외구매 9만원대 이외 정식 유통·신품 재고 불확실,국내 구매 가능한 정품/재고와 H7 대비 실음질 확인,E0084
