Candidate_ID,Brand,Model,Release_Year,Revision,Lifecycle_Status,Successor_Model,Form,Driver_Type,Weight_g,Impedance_Ohm,Sensitivity,Official_KR_Distribution,Parts_Availability,Inventory_Age_Risk,Discovery_Brand,Discovery_Community,Discovery_KoreaMarket,Candidate_Status,Rejection_Reason,Reconsideration_Condition,Last_Checked,Notes
C001,Sennheiser,HD 560S,2020,UNKNOWN,UNKNOWN,UNKNOWN,OPEN,Dynamic,UNKNOWN,UNKNOWN,UNKNOWN,UNKNOWN,UNKNOWN,UNKNOWN,TRUE,TRUE,TRUE,DISCOVERED,N/A,N/A,2026-10-08,"2A brand map; 2B repeated Reddit/RTINGS presence; 2C Danawa listing"
C002,Sennheiser,HD 550,2025,UNKNOWN,UNKNOWN,UNKNOWN,OPEN,Dynamic,UNKNOWN,UNKNOWN,UNKNOWN,UNKNOWN,UNKNOWN,UNKNOWN,TRUE,TRUE,FALSE,DISCOVERED,N/A,N/A,2026-10-08,"2A current Sennheiser line; 2B recent enthusiast discussion"
C003,Sennheiser,HD 600,UNKNOWN,UNKNOWN,UNKNOWN,UNKNOWN,OPEN,Dynamic,UNKNOWN,UNKNOWN,UNKNOWN,UNKNOWN,UNKNOWN,UNKNOWN,TRUE,TRUE,TRUE,DISCOVERED,N/A,N/A,2026-10-08,"2A long-running line; 2B repeatedly recommended 2025-2026; Korean official availability visible"
C004,Sennheiser,HD 490 PRO,2024,UNKNOWN,UNKNOWN,UNKNOWN,OPEN,Dynamic,UNKNOWN,UNKNOWN,UNKNOWN,UNKNOWN,UNKNOWN,UNKNOWN,TRUE,TRUE,FALSE,DISCOVERED,N/A,N/A,2026-10-08,"2A current professional line; 2B enthusiast/pro-audio discovery"
C005,Sennheiser,HD 480 PRO,2026,UNKNOWN,UNKNOWN,UNKNOWN,OPEN,Dynamic,UNKNOWN,UNKNOWN,UNKNOWN,UNKNOWN,UNKNOWN,UNKNOWN,TRUE,FALSE,FALSE,DISCOVERED,N/A,N/A,2026-10-08,"2A 2026 professional line"
C006,beyerdynamic,DT 900 PRO X,UNKNOWN,UNKNOWN,UNKNOWN,UNKNOWN,OPEN,Dynamic,UNKNOWN,UNKNOWN,UNKNOWN,UNKNOWN,UNKNOWN,UNKNOWN,TRUE,TRUE,TRUE,DISCOVERED,N/A,N/A,2026-10-08,"2A current PRO X line; 2B recurring audiophile/gaming option"
C007,beyerdynamic,DT 990 PRO X,UNKNOWN,UNKNOWN,UNKNOWN,UNKNOWN,OPEN,Dynamic,UNKNOWN,UNKNOWN,UNKNOWN,UNKNOWN,UNKNOWN,UNKNOWN,TRUE,TRUE,FALSE,DISCOVERED,N/A,N/A,2026-10-08,"2A current PRO X line"
C008,beyerdynamic,DT 770 PRO X,UNKNOWN,UNKNOWN,UNKNOWN,UNKNOWN,CLOSED,Dynamic,UNKNOWN,UNKNOWN,UNKNOWN,UNKNOWN,UNKNOWN,UNKNOWN,TRUE,TRUE,FALSE,DISCOVERED,N/A,N/A,2026-10-08,"2A current PRO X closed-back"
C009,beyerdynamic,TYGR 300 R,UNKNOWN,UNKNOWN,UNKNOWN,UNKNOWN,OPEN,Dynamic,UNKNOWN,UNKNOWN,UNKNOWN,UNKNOWN,UNKNOWN,UNKNOWN,TRUE,TRUE,FALSE,DISCOVERED,N/A,N/A,2026-10-08,"2B all-round gaming/music community discovery"
C010,Audio-Technica,ATH-R50x,2025,UNKNOWN,UNKNOWN,UNKNOWN,OPEN,Dynamic,207,50,UNKNOWN,UNKNOWN,UNKNOWN,UNKNOWN,TRUE,TRUE,TRUE,DISCOVERED,N/A,N/A,2026-10-08,"2A new R-series; 2B under-$200/300 recommendations; 2C Danawa 249k-class listing"
C011,Audio-Technica,ATH-R70xa,2025,UNKNOWN,UNKNOWN,UNKNOWN,OPEN,Dynamic,199,470,UNKNOWN,UNKNOWN,UNKNOWN,UNKNOWN,TRUE,TRUE,TRUE,DISCOVERED,N/A,N/A,2026-10-08,"2A current flagship R-series; 2C Danawa listing; above main discovery band"
C012,Audio-Technica,ATH-R30x,2025,UNKNOWN,UNKNOWN,UNKNOWN,OPEN,Dynamic,UNKNOWN,UNKNOWN,UNKNOWN,UNKNOWN,UNKNOWN,UNKNOWN,TRUE,FALSE,TRUE,DISCOVERED,N/A,N/A,2026-10-08,"2A current entry R-series; Korean current-line visibility"
C013,Sony,MDR-M1,2024,UNKNOWN,UNKNOWN,UNKNOWN,CLOSED,Dynamic,UNKNOWN,UNKNOWN,UNKNOWN,UNKNOWN,UNKNOWN,UNKNOWN,TRUE,TRUE,TRUE,DISCOVERED,N/A,N/A,2026-10-08,"2A current Sony Pro closed-back; 2C Danawa ~370k-class listing"
C014,Sony,MDR-MV1,2023,UNKNOWN,UNKNOWN,UNKNOWN,OPEN,Dynamic,UNKNOWN,UNKNOWN,UNKNOWN,UNKNOWN,UNKNOWN,UNKNOWN,TRUE,TRUE,TRUE,DISCOVERED,N/A,N/A,2026-10-08,"2A current Sony Pro open-back; 2B 2026 all-rounder shortlist; 2C Korea listing; above main band"
C015,FiiO,FT1,2024,UNKNOWN,UNKNOWN,UNKNOWN,CLOSED,Dynamic,UNKNOWN,UNKNOWN,UNKNOWN,UNKNOWN,UNKNOWN,UNKNOWN,TRUE,TRUE,TRUE,DISCOVERED,N/A,N/A,2026-10-08,"2A current FiiO line; 2B repeated value/all-rounder recommendation; Korean official distribution"
C016,FiiO,FT1 PRO,2025,UNKNOWN,UNKNOWN,UNKNOWN,OPEN,Planar,374,20,112,UNKNOWN,UNKNOWN,UNKNOWN,TRUE,TRUE,TRUE,DISCOVERED,N/A,N/A,2026-10-08,"2A current FiiO line; 2B repeated 2025-2026 recommendation; 2C Danawa ~314k-class listing"
C017,FiiO,FT3,UNKNOWN,UNKNOWN,UNKNOWN,UNKNOWN,OPEN,Dynamic,UNKNOWN,UNKNOWN,UNKNOWN,UNKNOWN,UNKNOWN,UNKNOWN,TRUE,FALSE,TRUE,DISCOVERED,N/A,N/A,2026-10-08,"2A FiiO headphone line; Korean distribution"
C018,FiiO,FT5,UNKNOWN,UNKNOWN,UNKNOWN,UNKNOWN,OPEN,Planar,UNKNOWN,UNKNOWN,UNKNOWN,UNKNOWN,UNKNOWN,UNKNOWN,TRUE,TRUE,TRUE,DISCOVERED,N/A,N/A,2026-10-08,"2A FiiO planar line; community presence; Korean distribution"
C019,HIFIMAN,HE400se,UNKNOWN,UNKNOWN,UNKNOWN,UNKNOWN,OPEN,Planar,UNKNOWN,UNKNOWN,UNKNOWN,UNKNOWN,UNKNOWN,UNKNOWN,TRUE,TRUE,TRUE,DISCOVERED,N/A,N/A,2026-10-08,"2A entry planar; 2B long-running budget recommendation; Korean official store"
C020,HIFIMAN,SUNDARA,UNKNOWN,UNKNOWN,UNKNOWN,UNKNOWN,OPEN,Planar,UNKNOWN,UNKNOWN,UNKNOWN,UNKNOWN,UNKNOWN,UNKNOWN,TRUE,TRUE,TRUE,DISCOVERED,N/A,N/A,2026-10-08,"2A long-running current line; 2B repeated 2025 recommendation; Korean official store"
C021,HIFIMAN,Edition XS,UNKNOWN,UNKNOWN,UNKNOWN,UNKNOWN,OPEN,Planar,UNKNOWN,UNKNOWN,UNKNOWN,UNKNOWN,UNKNOWN,UNKNOWN,TRUE,TRUE,TRUE,DISCOVERED,N/A,N/A,2026-10-08,"2A current line; 2B repeatedly cited for resolution/value; 2C Korean-market visibility"
C022,HIFIMAN,ANANDA NANO,UNKNOWN,UNKNOWN,UNKNOWN,UNKNOWN,OPEN,Planar,UNKNOWN,UNKNOWN,UNKNOWN,UNKNOWN,UNKNOWN,UNKNOWN,TRUE,TRUE,TRUE,DISCOVERED,N/A,N/A,2026-10-08,"2A current line; 2B repeated upgrade option; Korean official store"
C023,HIFIMAN,Edition XV,2026,UNKNOWN,UNKNOWN,UNKNOWN,OPEN,Planar,UNKNOWN,UNKNOWN,UNKNOWN,UNKNOWN,UNKNOWN,UNKNOWN,TRUE,TRUE,FALSE,DISCOVERED,N/A,N/A,2026-10-08,"2A newer 2026 line; 2B recent community shortlist"
C024,AKG,K371,UNKNOWN,UNKNOWN,UNKNOWN,UNKNOWN,CLOSED,Dynamic,255,32,UNKNOWN,UNKNOWN,UNKNOWN,UNKNOWN,TRUE,TRUE,TRUE,DISCOVERED,N/A,N/A,2026-10-08,"2A targeted current model; 2B long-running neutral closed-back; 2C Danawa ~260k-class listing"
C025,Philips,SHP9500,2014,UNKNOWN,UNKNOWN,UNKNOWN,OPEN,Dynamic,320,32,101,UNKNOWN,UNKNOWN,UNKNOWN,FALSE,TRUE,TRUE,DISCOVERED,N/A,N/A,2026-10-08,"2B common budget open-back discovery; 2C Danawa ~70k-class listing"
C026,Philips,Fidelio X2HR,UNKNOWN,UNKNOWN,UNKNOWN,UNKNOWN,OPEN,Dynamic,UNKNOWN,UNKNOWN,UNKNOWN,UNKNOWN,UNKNOWN,UNKNOWN,TRUE,TRUE,TRUE,DISCOVERED,N/A,N/A,2026-10-08,"2A legacy-check; 2B still appears in 2026 replacement discussions; lifecycle risk to verify"
C027,Shure,SRH440A,2022,UNKNOWN,UNKNOWN,UNKNOWN,CLOSED,Dynamic,268,40,97,UNKNOWN,UNKNOWN,UNKNOWN,TRUE,FALSE,TRUE,DISCOVERED,N/A,N/A,2026-10-08,"2A targeted studio line; 2C Danawa ~149k-class listing"
C028,Shure,SRH840A,2022,UNKNOWN,UNKNOWN,UNKNOWN,CLOSED,Dynamic,UNKNOWN,UNKNOWN,UNKNOWN,UNKNOWN,UNKNOWN,UNKNOWN,TRUE,TRUE,TRUE,DISCOVERED,N/A,N/A,2026-10-08,"2A current studio line; Korean official distribution visibility"
C029,Meze,99 Classics 2nd Gen,2025,UNKNOWN,UNKNOWN,UNKNOWN,CLOSED,Dynamic,UNKNOWN,UNKNOWN,UNKNOWN,UNKNOWN,UNKNOWN,UNKNOWN,TRUE,TRUE,FALSE,DISCOVERED,N/A,N/A,2026-10-08,"2A current 2nd generation; 2B Meze 99 frequently considered under-$300"
C030,Meze,105 AER,2024,UNKNOWN,UNKNOWN,UNKNOWN,OPEN,Dynamic,336,42,112,UNKNOWN,UNKNOWN,UNKNOWN,TRUE,TRUE,TRUE,DISCOVERED,N/A,N/A,2026-10-08,"2A current line; 2B multiple 2025 Head-Fi/reddit all-rounder mentions; 2C Danawa ~576k listing; upper reference"
C031,aune,AR5000,2023,UNKNOWN,UNKNOWN,AR5000 MK2,OPEN,Dynamic,UNKNOWN,28,108,UNKNOWN,UNKNOWN,UNKNOWN,TRUE,TRUE,TRUE,DISCOVERED,N/A,N/A,2026-10-08,"2A prior generation; 2B highly repeated 2025 recommendation; 2C Danawa Korean listing"
C032,aune,AR5000 MK2,2026,UNKNOWN,UNKNOWN,UNKNOWN,OPEN,Dynamic,UNKNOWN,UNKNOWN,UNKNOWN,UNKNOWN,UNKNOWN,UNKNOWN,TRUE,TRUE,TRUE,DISCOVERED,N/A,N/A,2026-10-08,"2A 2026 successor; domestic current listing; exact lifecycle/value in later stages"
C033,aune,SR7000,UNKNOWN,UNKNOWN,UNKNOWN,UNKNOWN,CLOSED,Dynamic,UNKNOWN,UNKNOWN,UNKNOWN,UNKNOWN,UNKNOWN,UNKNOWN,TRUE,TRUE,FALSE,DISCOVERED,N/A,N/A,2026-10-08,"2A current closed-back; 2B community alternative to FT1; likely above main band"
C034,aune,AR3000,2026,UNKNOWN,UNKNOWN,UNKNOWN,OPEN,Dynamic,UNKNOWN,UNKNOWN,UNKNOWN,UNKNOWN,UNKNOWN,UNKNOWN,TRUE,FALSE,FALSE,DISCOVERED,N/A,N/A,2026-10-08,"2A newly expanded 2026 line; reference discovery only"
C035,MOONDROP,PARA2,UNKNOWN,UNKNOWN,UNKNOWN,UNKNOWN,OPEN,Planar,UNKNOWN,UNKNOWN,UNKNOWN,UNKNOWN,UNKNOWN,UNKNOWN,TRUE,TRUE,FALSE,DISCOVERED,N/A,N/A,2026-10-08,"2A current planar line; community discovery"
C036,MOONDROP,HORIZON,UNKNOWN,UNKNOWN,UNKNOWN,UNKNOWN,OPEN,Dynamic,UNKNOWN,UNKNOWN,UNKNOWN,UNKNOWN,UNKNOWN,UNKNOWN,TRUE,FALSE,FALSE,DISCOVERED,N/A,N/A,2026-10-08,"2A current full-size line"
C037,Audeze,MM-100,2024,UNKNOWN,UNKNOWN,UNKNOWN,OPEN,Planar,475,18,98,UNKNOWN,UNKNOWN,UNKNOWN,TRUE,TRUE,TRUE,DISCOVERED,N/A,N/A,2026-10-08,"2A accessible Audeze planar; 2B Head-Fi/community comparisons; 2C Danawa ~640k listing; upper reference"
C038,Audeze,Maxwell 2,UNKNOWN,UNKNOWN,UNKNOWN,UNKNOWN,CLOSED,Planar,UNKNOWN,UNKNOWN,UNKNOWN,UNKNOWN,UNKNOWN,UNKNOWN,TRUE,TRUE,FALSE,DISCOVERED,N/A,N/A,2026-10-08,"2B gaming/music community discovery despite low wireless/mic priority"
C039,Focal,Azurys,2024,UNKNOWN,UNKNOWN,UNKNOWN,CLOSED,Dynamic,UNKNOWN,UNKNOWN,UNKNOWN,UNKNOWN,UNKNOWN,UNKNOWN,TRUE,TRUE,FALSE,DISCOVERED,N/A,N/A,2026-10-08,"2A current closed-back; premium reference candidate"
C040,Focal,Hadenys,2024,UNKNOWN,UNKNOWN,UNKNOWN,OPEN,Dynamic,UNKNOWN,UNKNOWN,UNKNOWN,UNKNOWN,UNKNOWN,UNKNOWN,TRUE,TRUE,FALSE,DISCOVERED,N/A,N/A,2026-10-08,"2A current open-back; premium reference candidate"
C041,Austrian Audio,Hi-X65,2022,UNKNOWN,UNKNOWN,UNKNOWN,OPEN,Dynamic,310,25,110,UNKNOWN,UNKNOWN,UNKNOWN,TRUE,TRUE,TRUE,DISCOVERED,N/A,N/A,2026-10-08,"2A targeted studio line; 2C Danawa ~699k listing; upper reference"
C042,Fostex,T50RPmk4,UNKNOWN,UNKNOWN,UNKNOWN,UNKNOWN,SEMI_OPEN,Planar,UNKNOWN,UNKNOWN,UNKNOWN,UNKNOWN,UNKNOWN,UNKNOWN,FALSE,TRUE,FALSE,DISCOVERED,N/A,N/A,2026-10-08,"2B external-brand discovery from enthusiast all-rounder/planar searches; lifecycle to verify"
C043,Sennheiser / Drop,HD 6XX,UNKNOWN,UNKNOWN,UNKNOWN,UNKNOWN,OPEN,Dynamic,UNKNOWN,UNKNOWN,UNKNOWN,UNKNOWN,UNKNOWN,UNKNOWN,FALSE,TRUE,FALSE,DISCOVERED,N/A,N/A,2026-10-08,"2B strong 2025 community reference; import availability to verify"
C044,Corsair,VIRTUOSO PRO,2023,UNKNOWN,UNKNOWN,UNKNOWN,OPEN,Dynamic,UNKNOWN,UNKNOWN,UNKNOWN,UNKNOWN,UNKNOWN,UNKNOWN,FALSE,TRUE,TRUE,DISCOVERED,N/A,N/A,2026-10-08,Wired analog open-back; domestic Danawa listing; RTINGS independent review; core H7 AE-5 relevance
C045,HyperX,Cloud III,2023,UNKNOWN,UNKNOWN,UNKNOWN,CLOSED,Dynamic,UNKNOWN,UNKNOWN,UNKNOWN,UNKNOWN,UNKNOWN,UNKNOWN,FALSE,TRUE,TRUE,DISCOVERED,N/A,N/A,2026-10-08,Wired 3.5mm gaming reference; Danawa and RTINGS; not presumed upgrade
C046,Logitech,G PRO X 2 LIGHTSPEED,2023,UNKNOWN,UNKNOWN,UNKNOWN,CLOSED,Dynamic,UNKNOWN,UNKNOWN,UNKNOWN,UNKNOWN,UNKNOWN,UNKNOWN,FALSE,TRUE,TRUE,DISCOVERED,N/A,N/A,2026-10-08,Analog-capable gaming headset; Korea genuine listings; RTINGS review
C047,Razer,BlackShark V3 Pro,2025,UNKNOWN,UNKNOWN,UNKNOWN,CLOSED,Dynamic,UNKNOWN,UNKNOWN,UNKNOWN,UNKNOWN,UNKNOWN,UNKNOWN,FALSE,TRUE,FALSE,DISCOVERED,N/A,N/A,2026-10-08,2026 independent expert/gaming coverage; domestic availability not yet established
C048,JBL,TUNE 770NC,2023,UNKNOWN,UNKNOWN,UNKNOWN,CLOSED,Dynamic,UNKNOWN,UNKNOWN,UNKNOWN,UNKNOWN,UNKNOWN,UNKNOWN,FALSE,FALSE,TRUE,DISCOVERED,N/A,N/A,2026-10-08,Korean genuine domestic listing; Bluetooth ANC with 3.5mm; consumer-market route
C049,JBL,LIVE 770NC,2024,UNKNOWN,UNKNOWN,UNKNOWN,CLOSED,Dynamic,UNKNOWN,UNKNOWN,UNKNOWN,UNKNOWN,UNKNOWN,UNKNOWN,FALSE,TRUE,TRUE,DISCOVERED,N/A,N/A,2026-10-08,Expert review and Korea import listing; successor LIVE 780NC must be checked in Step 3
C050,Bose,QuietComfort Headphones (2nd Gen),2026,UNKNOWN,UNKNOWN,UNKNOWN,CLOSED,Dynamic,UNKNOWN,UNKNOWN,UNKNOWN,UNKNOWN,UNKNOWN,UNKNOWN,FALSE,TRUE,TRUE,DISCOVERED,N/A,N/A,2026-10-08,2026 model in official Korea store and RTINGS; analog versus powered/USB mode to validate
C051,Marshall,Monitor III ANC,2024,UNKNOWN,UNKNOWN,UNKNOWN,CLOSED,Dynamic,UNKNOWN,UNKNOWN,UNKNOWN,UNKNOWN,UNKNOWN,UNKNOWN,FALSE,TRUE,TRUE,DISCOVERED,N/A,N/A,2026-10-08,Consumer listening/ANC option; Korea domestic listing; premium reference
C052,ASUS,ROG Kithara,2026,UNKNOWN,UNKNOWN,UNKNOWN,OPEN,Planar,UNKNOWN,UNKNOWN,UNKNOWN,UNKNOWN,UNKNOWN,UNKNOWN,FALSE,TRUE,TRUE,DISCOVERED,N/A,N/A,2026-10-08,2026 wired open-back planar gaming candidate; official Korea market listing; upper reference
C053,SteelSeries,Arctis Nova 7 Wireless,2022,UNKNOWN,UNKNOWN,UNKNOWN,CLOSED,Dynamic,UNKNOWN,UNKNOWN,UNKNOWN,UNKNOWN,UNKNOWN,UNKNOWN,FALSE,TRUE,FALSE,DISCOVERED,N/A,N/A,2026-10-08,Mainstream midrange gaming candidate from RTINGS; Korean availability to validate
C054,Sennheiser,HD 505 Copper Edition,2025,UNKNOWN,UNKNOWN,UNKNOWN,OPEN,Dynamic,UNKNOWN,UNKNOWN,UNKNOWN,UNKNOWN,UNKNOWN,UNKNOWN,TRUE,FALSE,TRUE,DISCOVERED,N/A,N/A,2026-10-08,Korean genuine wired 3.5mm listing; new generation omitted in prior brand discovery
C055,Audio-Technica,ATH-M50x,UNKNOWN,UNKNOWN,UNKNOWN,UNKNOWN,CLOSED,Dynamic,UNKNOWN,UNKNOWN,UNKNOWN,UNKNOWN,UNKNOWN,UNKNOWN,TRUE,FALSE,TRUE,DISCOVERED,N/A,N/A,2026-10-08,Long-running studio closed-back; Korean import listing; compare to current R-series
C056,Anker soundcore,Space One,UNKNOWN,UNKNOWN,UNKNOWN,UNKNOWN,CLOSED,Dynamic,UNKNOWN,UNKNOWN,UNKNOWN,UNKNOWN,UNKNOWN,UNKNOWN,FALSE,TRUE,FALSE,DISCOVERED,N/A,N/A,2026-10-08,SoundGuys 2026 consumer budget ANC discovery; domestic listing to verify
C057,Sony,INZONE H6 Air,2026,UNKNOWN,UNKNOWN,UNKNOWN,OPEN,UNKNOWN,UNKNOWN,UNKNOWN,UNKNOWN,UNKNOWN,UNKNOWN,UNKNOWN,FALSE,TRUE,FALSE,DISCOVERED,N/A,N/A,2026-10-08,RTINGS 2026 open-back gaming reference; Korean model availability to verify
C058,Nothing,Headphone (1),2025,UNKNOWN,UNKNOWN,UNKNOWN,CLOSED,Dynamic,UNKNOWN,UNKNOWN,UNKNOWN,UNKNOWN,UNKNOWN,UNKNOWN,FALSE,TRUE,FALSE,DISCOVERED,N/A,N/A,2026-10-08,2026 consumer press coverage and international sale; Korean distribution to verify
