Candidate_ID,Tonality,Resolution,Separation,Imaging,Soundstage,Dynamics,Bass_Quantity,Bass_Quality,Vocal,Treble_Fatigue,Music,General_Gaming,Animation,Movies,Comfort,QC_Durability,Parts_Support,AE5_Compatibility,Audio_Confidence,Use_Case_Confidence,Comfort_Confidence,QC_Confidence,H7_Resolution_Delta,H7_Separation_Delta,H7_Imaging_Delta,H7_Soundstage_Delta,H7_Dynamics_Delta,H7_Bass_Quantity_Change,H7_Bass_Quality_Delta,H7_Vocal_Delta,H7_Treble_Quality_Delta,H7_Music_Delta,H7_General_Gaming_Delta,H7_Animation_Delta,H7_Movies_Delta,H7_Comfort_Delta,H7_Comparison_Confidence,Overall_Upgrade_Confidence,Notes
C001,BALANCED_WITH_SUBBASS_ROLLOFF,UNKNOWN,UNKNOWN,UNKNOWN,OPEN_WIDE_PERCEPTUAL,UNKNOWN,SUBBASS_LIGHT,UNKNOWN,CLEAR_NEUTRAL,POSSIBLE_BRIGHTNESS,UNKNOWN,UNKNOWN,UNKNOWN,UNKNOWN,FIT: Plush/light; initial clamp may be noticeable; Velour circumaural; replaceable,INSUFFICIENT,KR_LISTED,ANALOG_EXPECTED,MEDIUM,LOW,MEDIUM,LOW,UNKNOWN,UNKNOWN,UNKNOWN,UP1,UNKNOWN,LESS,UP1,UP2,UP1,UP2,UP1,UP2,UNKNOWN,UNKNOWN,MEDIUM,MEDIUM,"Primary RTINGS and DIY-Audio-Heaven sources in 06_audio_analysis/acoustic_matrix.csv; H7 comparison deferred. | Step8 modeled not measured H7 analog (E0006): LIKELY_MEANINGFUL. WHY=평탄한 중역으로 H7 패시브의 보컬 후퇴를 개선할 개연성이 큼. TRADEOFF=오픈형 차음 손실과 극저역 감소, HD560S 리비전. SOURCE=E0227,E0228,E0289. No level-matched A/B; all ordinal UP/SAME/DOWN are conservative prediction, not actual listening improvement."
C002,"Mostly neutral, mildly full / Upper treble sparkle; small 7 kHz lift",UNKNOWN,UNKNOWN,UNKNOWN,Fuller than 560S; relaxing but still precise,UNKNOWN,Well-extended for dynamic open; not subbass-heavy,UNKNOWN,"Mostly neutral, mildly full",Upper treble sparkle; small 7 kHz lift,INFERRED_HIGH,INFERRED,INFERRED,INFERRED,FIT: Home open use; headband comfort review favorable; Replaceable pad pathway by series not verified exactly for HD550,INSUFFICIENT,UNKNOWN,ANALOG_EXPECTED,MEDIUM,LOW,MEDIUM,LOW,UNKNOWN,UNKNOWN,UNKNOWN,UP1,UNKNOWN,LESS,UP1,UP2,UP1,UP2,UP1,UP2,UNKNOWN,UNKNOWN,MEDIUM,MEDIUM,"Source matrix row C002; Source favors 550 but upgrades vs 560S subtle and not universal. No H7 comparison at Step 6. | Step8 modeled not measured H7 analog (E0006): LIKELY_MEANINGFUL. WHY=HD550의 균형 잡힌 중역과 덜 둔탁한 저역 예상. TRADEOFF=HD560S 대비 가격 프리미엄의 음향 추가 개선은 소규모일 수 있음. SOURCE=E0229,E0230,E0290. No level-matched A/B; all ordinal UP/SAME/DOWN are conservative prediction, not actual listening improvement."
C003,Excellent natural/clear midrange / Smooth; pad-age may shift,UNKNOWN,UNKNOWN,UNKNOWN,Strong vocal timbre; intimate rather than exaggerated stage,UNKNOWN,Subbass rolloff; midbass relatively neutral,UNKNOWN,Excellent natural/clear midrange,Smooth; pad-age may shift,INFERRED_HIGH,INFERRED,INFERRED,INFERRED,FIT: Headband firm initially; clamp sensitive to head size; Replaceable velour pads and foam; compressed pads change sound,MIXED_LONG_TERM,KR_LISTED,HEADROOM_VERIFY,HIGH,LOW,HIGH,MEDIUM,UNKNOWN,UNKNOWN,UNKNOWN,UNKNOWN,UNKNOWN,LESS,UP1,UP2,UP1,UP2,UNKNOWN,UP2,UNKNOWN,UNKNOWN,MEDIUM,MEDIUM,"Source matrix row C003; Pad age and revisions alter balance; soundstage size subjective. No H7 comparison at Step 6. | Step8 modeled not measured H7 analog (E0006): LIKELY_MEANINGFUL. WHY=HD600의 자연스러운 보컬과 중역이 H7 패시브의 핵심 약점과 정면 대응. TRADEOFF=좁게 느껴질 수 있는 공간과 영화 초저역 부족, HD600 패드 상태, 앰프 여유. SOURCE=E0231,E0232,E0291. No level-matched A/B; all ordinal UP/SAME/DOWN are conservative prediction, not actual listening improvement."
C010,Mostly linear ~200Hz-3.5kHz / 6-10kHz raised; brightness/fatigue concern,UNKNOWN,UNKNOWN,UNKNOWN,"Light, articulate and airy; apparent extra detail may reflect treble lift",UNKNOWN,Open bass reaches ~30Hz; moderate elevation,UNKNOWN,Mostly linear ~200Hz-3.5kHz,6-10kHz raised; brightness/fatigue concern,INFERRED_HIGH,INFERRED,INFERRED,INFERRED,FIT: Very light; padded rigid band reported good distribution; Velour pad comfortable/cool; small ear opening may vary,INSUFFICIENT,UNKNOWN,ANALOG_EXPECTED,MEDIUM,LOW,HIGH,LOW,UNKNOWN,UNKNOWN,UNKNOWN,UP1,UNKNOWN,LESS,UP1,UP2,UNKNOWN,UP1,UP1,UP1,UNKNOWN,UNKNOWN,MEDIUM,MEDIUM,"Source matrix row C010; Headphones.com finds R50x brighter than R70xa; listeners vary. No H7 comparison at Step 6. | Step8 modeled not measured H7 analog (E0006): POSSIBLE_MEANINGFUL. WHY=ATH-R50x 중역 평탄성으로 목소리 표현 개선 예상. TRADEOFF=6–10kHz 고역 상승은 실제 해상력 향상과 다르며 피로 가능성. SOURCE=E0233,E0234,E0294. No level-matched A/B; all ordinal UP/SAME/DOWN are conservative prediction, not actual listening improvement."
C011,"Natural present vocals, somewhat thinner dialogue per one reviewer / Mostly controlled with some listener-dependent 7-9kHz unevenness",UNKNOWN,UNKNOWN,UNKNOWN,Refined light monitoring headphone with broad balanced stage,UNKNOWN,Subbass less than full-size sealed/planar; midbass punch,UNKNOWN,"Natural present vocals, somewhat thinner dialogue per one reviewer",Mostly controlled with some listener-dependent 7-9kHz unevenness,INFERRED_HIGH,INFERRED,INFERRED,INFERRED,"FIT: Very light yet suspension strap has limited tilt and weak clamp on some heads; Pad small like previous R70x, different from R50x",REPEATED_FIT_COMPLAINT,UNKNOWN,HEADROOM_VERIFY,MEDIUM,LOW,HIGH,MEDIUM,UNKNOWN,UNKNOWN,UNKNOWN,UP1,UNKNOWN,LESS,UP1,UP2,UNKNOWN,UP2,UP1,UP2,UNKNOWN,UNKNOWN,LOW,LOW,"Source matrix row C011; Headphones.com hears bright sparkle; MusicRadar hears restrained treble. No H7 comparison at Step 6. | Step8 modeled not measured H7 analog (E0006): LIKELY_MEANINGFUL. WHY=자연스러운 보컬과 가벼운 오픈 모니터 설계의 개선 잠재력. TRADEOFF=470Ω 구동 여유와 컵 각도 제약이 체감 개선을 제한할 수 있음. SOURCE=E0235,E0236,E0286,E0295. No level-matched A/B; all ordinal UP/SAME/DOWN are conservative prediction, not actual listening improvement."
C013,"Warm/slightly laid-back presence, 4kHz dip / Upper treble air without strong obvious sibilance",UNKNOWN,UNKNOWN,UNKNOWN,Rich relaxed closed-back; may hide vocal consonant detail,UNKNOWN,Excellent subbass extension and elevated bass,UNKNOWN,"Warm/slightly laid-back presence, 4kHz dip",Upper treble air without strong obvious sibilance,INFERRED_HIGH,INFERRED,INFERRED,INFERRED,FIT: Low mass but ear-cup dimensions and shallow internal depth may press ear; Soft stock pads compress; heat for some users,REPEATED_FIT_COMPLAINT,REPLACEABLE,ANALOG_EXPECTED,HIGH,LOW,HIGH,LOW,UNKNOWN,UNKNOWN,UNKNOWN,UNKNOWN,UNKNOWN,UNKNOWN,UP1,UP1,UP1,UP1,UNKNOWN,UP1,UP1,UNKNOWN,MEDIUM,MEDIUM,"Source matrix row C013; Both detect recessed presence, caution exaggerated 'detail' claims. No H7 comparison at Step 6. | Step8 modeled not measured H7 analog (E0006): POSSIBLE_MEANINGFUL. WHY=MDR-M1 밀폐 유지와 극저역 확장, H7 대비 균형 개선 예상. TRADEOFF=4kHz 존재감 저하와 얕은 이어컵으로 보컬/귀 접촉 유의. SOURCE=E0237,E0238,E0297. No level-matched A/B; all ordinal UP/SAME/DOWN are conservative prediction, not actual listening improvement."
C014,Warm/low-mid emphasis / Strong high treble energy; sibilance and fatigue risk,UNKNOWN,UNKNOWN,UNKNOWN,Wide spacious perceived field; treble can sound etched,UNKNOWN,Unusually full bass for open-back; fit-dependent,UNKNOWN,Warm/low-mid emphasis,Strong high treble energy; sibilance and fatigue risk,INFERRED_HIGH,INFERRED,INFERRED,INFERRED,"FIT: Studio open-back, comfortable per RTINGS; Stock pad softness can make ear touch driver for some",INSUFFICIENT,REPLACEABLE,ANALOG_EXPECTED,HIGH,LOW,HIGH,LOW,UNKNOWN,UNKNOWN,UNKNOWN,UP1,UNKNOWN,LESS,UP1,UP1,UNKNOWN,UP1,UP1,UP1,UNKNOWN,UNKNOWN,MEDIUM,MEDIUM,"Source matrix row C014; Shared finding on treble energy, different subjective usefulness. No H7 comparison at Step 6. | Step8 modeled not measured H7 analog (E0006): POSSIBLE_MEANINGFUL. WHY=MDR-MV1 공간 인상과 저역 확장이 좋은 오픈형 변화. TRADEOFF=고역 자극·치찰음과 개방형 차음 손실. SOURCE=E0239,E0240,E0298. No level-matched A/B; all ordinal UP/SAME/DOWN are conservative prediction, not actual listening improvement."
C015,Mids overall even but warmth may obscure edges / Mostly smooth with some cup/pad-dependent variation,UNKNOWN,UNKNOWN,UNKNOWN,Easygoing cinematic closed-back sound,UNKNOWN,Elevated warm/deep bass; glasses seal changes quantity,UNKNOWN,Mids overall even but warmth may obscure edges,Mostly smooth with some cup/pad-dependent variation,INFERRED_HIGH,INFERRED,INFERRED,INFERRED,"FIT: Padded headband; comfortable but potentially unstable fit; Thick pleather/suede pads, warm compared with velour",MANUFACTURER_CONFIRMED_EARLY_BATCH,GLOBAL_SERVICE,ANALOG_EXPECTED,HIGH,LOW,HIGH,HIGH,UNKNOWN,UNKNOWN,UNKNOWN,UNKNOWN,UNKNOWN,UNKNOWN,UP1,UP1,UP1,UP1,UNKNOWN,UP1,UP1,UNKNOWN,MEDIUM,MEDIUM,"Source matrix row C015; Strong low-bass seal variability may undermine consistency. No H7 comparison at Step 6. | Step8 modeled not measured H7 analog (E0006): POSSIBLE_MEANINGFUL. WHY=FT1 밀폐형 유지하면서 저역 질감과 음색 균형 개선 가능. TRADEOFF=H7과 같이 저역 양감이 많아 보컬 차이가 작을 수 있고 초기 피벗 고정 QC 위험. SOURCE=E0241,E0242,E0299. No level-matched A/B; all ordinal UP/SAME/DOWN are conservative prediction, not actual listening improvement."
C016,Clean open mids; slight upper-mid/lower-treble softness / Some 8kHz+ sparkle/sharp edge,UNKNOWN,UNKNOWN,UNKNOWN,Balanced/planar openness rather than bass-forward excitement,UNKNOWN,Flat/slightly lean relative to FT1; bass extended,UNKNOWN,Clean open mids; slight upper-mid/lower-treble softness,Some 8kHz+ sparkle/sharp edge,INFERRED_HIGH,INFERRED,INFERRED,INFERRED,"FIT: Moderate pressure and soft pads, independent reviewer used >5h; Breathable fabric; deep pads, glasses adjust for bass seal",MANUFACTURER_CONFIRMED_EARLY_BATCH,GLOBAL_SERVICE,ANALOG_EXPECTED,HIGH,LOW,HIGH,HIGH,UNKNOWN,UNKNOWN,UNKNOWN,UP1,UNKNOWN,LESS,UP1,UP2,UP1,UP2,UP1,UP2,UNKNOWN,UNKNOWN,MEDIUM,MEDIUM,"Source matrix row C016; RTINGS label bass slightly low while DIY calls it neutral: target/fixture difference. No H7 comparison at Step 6. | Step8 modeled not measured H7 analog (E0006): LIKELY_MEANINGFUL. WHY=FT1 PRO 중역 평탄성과 저왜곡 평판형으로 H7 보컬·음악 향상 유력. TRADEOFF=초기 생산분 피벗 결함/저음 잡음, 오픈형 영화 저역과 차음. SOURCE=E0243,E0244,E0300. No level-matched A/B; all ordinal UP/SAME/DOWN are conservative prediction, not actual listening improvement."
C032,"Midrange slightly less full than first gen / Extended/relaxed overall, exact treble contour uncertain",UNKNOWN,UNKNOWN,UNKNOWN,"Reported more body, angled spacious presentation",UNKNOWN,Warm with more midbass than old AR5000,UNKNOWN,Midrange slightly less full than first gen,"Extended/relaxed overall, exact treble contour uncertain",INFERRED_HIGH,INFERRED,INFERRED,INFERRED,"FIT: MK2 headband metal redesign stronger slightly firmer clamp; Deep angled pads, ample ear clearance per two first-hand reviews",DESIGN_UPDATED_NOT_FAILURE_FREE,UNKNOWN,ANALOG_EXPECTED,LOW,LOW,HIGH,MEDIUM,UNKNOWN,UNKNOWN,UNKNOWN,UP1,UNKNOWN,UNKNOWN,UNKNOWN,UP1,UNKNOWN,UP1,UNKNOWN,UP1,UNKNOWN,UNKNOWN,LOW,LOW,"Source matrix row C032; Impedance claims conflict: Pragmatic 64ohm vs dealer 28ohm; no two independent labs. No H7 comparison at Step 6. | Step8 modeled not measured H7 analog (E0006): POSSIBLE_MEANINGFUL. WHY=AR5000 MK2 개방형 공간 및 재설계 착용감 잠재력. TRADEOFF=단일 계측 자료, H7과 비슷한 따뜻한 톤, 발표된 임피던스 수치 충돌. SOURCE=E0245,E0246,E0287,E0288,E0307. No level-matched A/B; all ordinal UP/SAME/DOWN are conservative prediction, not actual listening improvement."
C054,More filled-in than HD560S per reviewer / Generally smooth but comparative preferences vary,UNKNOWN,UNKNOWN,UNKNOWN,Good vocal clarity and lightweight open presentation,UNKNOWN,"Adequate, not intense subbass",UNKNOWN,More filled-in than HD560S per reviewer,Generally smooth but comparative preferences vary,INFERRED_HIGH,INFERRED,INFERRED,INFERRED,FIT: HD 500 family light fit; some clamp possible; Soft velour type; model-specific pad depth not independently measured,INSUFFICIENT,UNKNOWN,ANALOG_EXPECTED,MEDIUM,LOW,MEDIUM,LOW,UNKNOWN,UNKNOWN,UNKNOWN,UP1,UNKNOWN,LESS,UP1,UP2,UP1,UP2,UP1,UP2,UNKNOWN,UNKNOWN,MEDIUM,MEDIUM,"Source matrix row C054; Single review judges 505 better than 560S while others prefer 550; no universal upgrade. No H7 comparison at Step 6. | Step8 modeled not measured H7 analog (E0006): LIKELY_MEANINGFUL. WHY=HD505는 균형 잡힌 오픈형으로 H7의 중역 후퇴 개선 예상. TRADEOFF=HD560S·550 대비 고유 장점 크기는 미검증. SOURCE=E0247,E0248,E0315. No level-matched A/B; all ordinal UP/SAME/DOWN are conservative prediction, not actual listening improvement."
C057,Natural mildly forward midrange / Upper treble lower than response curve reference; nonaggressive,UNKNOWN,UNKNOWN,UNKNOWN,Very open lightweight gaming headset sharing MDR-MV1 driver family,UNKNOWN,Reduced deep subbass; action/RPG lowend enough for some,UNKNOWN,Natural mildly forward midrange,Upper treble lower than response curve reference; nonaggressive,INFERRED_HIGH,INFERRED,INFERRED,INFERRED,"FIT: Very light aviation style strap distributes pressure; Open-back ventilated, soft pads",EARLY_LIFECYCLE,UNKNOWN,ANALOG_EXPECTED,HIGH,LOW,HIGH,LOW,UNKNOWN,UNKNOWN,UNKNOWN,UP1,UNKNOWN,LESS,UNKNOWN,UP2,UP1,UP1,UP1,UP2,UNKNOWN,UNKNOWN,MEDIUM,MEDIUM,"Source matrix row C057; Same driver family != same total headphone tuning or MDR-MV1 sonic quality. No H7 comparison at Step 6. | Step8 modeled not measured H7 analog (E0006): POSSIBLE_MEANINGFUL. WHY=H6 Air 개방형 자연스러운 대사와 낮은 압박감, 일반 게임 사용성. TRADEOFF=심층 저역 부족과 누음, MV1 드라이버 공유는 동일 음질의 증거 아님. SOURCE=E0249,E0250,E0316. No level-matched A/B; all ordinal UP/SAME/DOWN are conservative prediction, not actual listening improvement."
C004,Neutral/clear dialogue region / Smooth and pad-dependent; mixing pad brighter,UNKNOWN,UNKNOWN,UNKNOWN,Two supplied pads change sound balance materially,UNKNOWN,"Low bass slight rolloff, neutral mids",UNKNOWN,Neutral/clear dialogue region,Smooth and pad-dependent; mixing pad brighter,INFERRED_MEDIUM,INFERRED,INFERRED,INFERRED,FIT: Professional ergonomic pads; light pressure in tests; Producing velour vs Mixing pads differ feel/tuning,INSUFFICIENT,REPLACEABLE,ANALOG_EXPECTED,HIGH,LOW,HIGH,LOW,UNKNOWN,UNKNOWN,UNKNOWN,UP1,UNKNOWN,LESS,UP1,UP2,UP1,UP2,UP1,UP2,UNKNOWN,UNKNOWN,MEDIUM,MEDIUM,"Source matrix row C004; Research must pin Mixing or Producing pad variant. No H7 comparison at Step 6. | Step8 modeled not measured H7 analog (E0006): LIKELY_MEANINGFUL. WHY=HD490 PRO는 패드별 균형을 선택할 수 있어 H7 중역 후퇴 개선 가능. TRADEOFF=Mixing/Producing 패드별 음질·착용감 구분 필수. SOURCE=E0251,E0252,E0292. No level-matched A/B; all ordinal UP/SAME/DOWN are conservative prediction, not actual listening improvement."
C006,"Warm low mids, soft vocal presence 4kHz feature / Less bright than old DT990 but high end uneven",UNKNOWN,UNKNOWN,UNKNOWN,Robust musical open-back with wide stage,UNKNOWN,Full for open-back in DIY; RTINGS notes lack of deepest bass,UNKNOWN,"Warm low mids, soft vocal presence 4kHz feature",Less bright than old DT990 but high end uneven,INFERRED_MEDIUM,INFERRED,INFERRED,INFERRED,FIT: Robust PRO-X; clamp can be firm; Velour and replaceable components,INSUFFICIENT,GLOBAL_PARTS,ANALOG_EXPECTED,MEDIUM,LOW,MEDIUM,LOW,UNKNOWN,UNKNOWN,UNKNOWN,UP1,UNKNOWN,LESS,UP1,UP1,UNKNOWN,UP1,UP1,UP1,UNKNOWN,UNKNOWN,MEDIUM,MEDIUM,"Source matrix row C006; Measurement rigs differ in bass extension, ear transfer at ~4kHz. No H7 comparison at Step 6. | Step8 modeled not measured H7 analog (E0006): POSSIBLE_MEANINGFUL. WHY=DT900 PRO X 탄탄한 오픈형 제작·공간감 및 조금 더 균형 잡힌 톤. TRADEOFF=4kHz 부근 중역 존재감 저하, 상대적 고가, 측압 차이. SOURCE=E0253,E0254,E0293. No level-matched A/B; all ordinal UP/SAME/DOWN are conservative prediction, not actual listening improvement."
C012,Clear fairly balanced midrange / Variable unexpected harshness and bright parts,UNKNOWN,UNKNOWN,UNKNOWN,Budget reference with less precise imaging than R50x,UNKNOWN,Reviewer hears lean bass; curve has hump,UNKNOWN,Clear fairly balanced midrange,Variable unexpected harshness and bright parts,INFERRED_MEDIUM,INFERRED,INFERRED,INFERRED,"FIT: Suspension plus stable clamp, compared to R50x; Pads small, fabric different R50x; breathable open design",INSUFFICIENT,UNKNOWN,ANALOG_EXPECTED,MEDIUM,LOW,MEDIUM,LOW,UNKNOWN,UNKNOWN,UNKNOWN,UP1,UNKNOWN,LESS,UNKNOWN,UP1,UNKNOWN,UP1,UNKNOWN,UP1,UNKNOWN,UNKNOWN,LOW,LOW,"Source matrix row C012; Reviewer notes measurement/personal listening mismatch. No H7 comparison at Step 6. | Step8 modeled not measured H7 analog (E0006): SMALL_OR_UNCERTAIN. WHY=ATH-R30x 보컬 전면성이 H7보다 개선될 개연성은 있음. TRADEOFF=고역 거침·저역 부족으로 음악/영화 체감 증분 불확실. SOURCE=E0255,E0256,E0296. No level-matched A/B; all ordinal UP/SAME/DOWN are conservative prediction, not actual listening improvement."
C017,"350ohm reference-oriented, 32ohm warmer vocal-forward / FT3 can have sharp 5-10k peaks and fatigue",UNKNOWN,UNKNOWN,UNKNOWN,Open dynamic with large driver but treble not uniformly refined,UNKNOWN,"350ohm more controlled, 32ohm more boosted; not the same tuning",UNKNOWN,"350ohm reference-oriented, 32ohm warmer vocal-forward",FT3 can have sharp 5-10k peaks and fatigue,INFERRED_MEDIUM,INFERRED,INFERRED,INFERRED,"FIT: Suspension strap distributes load; bald head friction complaint in one review; Two pad sets, pleather options heat more",INSUFFICIENT,GLOBAL_PARTS,VARIANT_VERIFY,LOW,LOW,MEDIUM,LOW,UNKNOWN,UNKNOWN,UNKNOWN,UNKNOWN,UNKNOWN,UNKNOWN,UNKNOWN,UNKNOWN,UNKNOWN,UNKNOWN,UNKNOWN,UNKNOWN,UNKNOWN,UNKNOWN,UNKNOWN,UNKNOWN,"Source matrix row C017; CRITICAL: 32 and 350 ohm variants differ in diaphragm/tuning and cannot share score. No H7 comparison at Step 6. | Step8 modeled not measured H7 analog (E0006): INSUFFICIENT_VARIANT_DATA. WHY=FT3는 32Ω과 350Ω이 서로 다른 드라이버·음색이어서 단일 제품 기준 비교 불가. TRADEOFF=정확한 구매 후보의 임피던스·패드·국내가 확정 필요. SOURCE=E0257,E0258,E0285,E0301. No level-matched A/B; all ordinal UP/SAME/DOWN are conservative prediction, not actual listening improvement."
C018,Rich natural mids and vocals / Dark/smooth; may hide high-treble sparkle,UNKNOWN,UNKNOWN,UNKNOWN,Relaxed planar presentation with forgiving treble,UNKNOWN,Full warm/tactile bass,UNKNOWN,Rich natural mids and vocals,Dark/smooth; may hide high-treble sparkle,INFERRED_MEDIUM,INFERRED,INFERRED,INFERRED,FIT: Suspension reduces felt load but relatively heavy; Two pad materials change heat/seal and sound,INSUFFICIENT,GLOBAL_PARTS,ANALOG_EXPECTED,MEDIUM,LOW,MEDIUM,LOW,UNKNOWN,UNKNOWN,UNKNOWN,UP1,UNKNOWN,UNKNOWN,UNKNOWN,UP1,UNKNOWN,UP1,UNKNOWN,UP1,UNKNOWN,UNKNOWN,LOW,LOW,"Source matrix row C018; Detail may be perceived as veiled; strong flavor not universal. No H7 comparison at Step 6. | Step8 modeled not measured H7 analog (E0006): POSSIBLE_MEANINGFUL. WHY=FT5 오픈 평판의 부드러운 보컬 및 공간 차이 가능. TRADEOFF=어두운 고역과 456g 무게로 체감 개선이 아닐 수 있음. SOURCE=E0259,E0260,E0302. No level-matched A/B; all ordinal UP/SAME/DOWN are conservative prediction, not actual listening improvement."
C024,Balanced full mids / Treble fairly even but slight coarse texture,UNKNOWN,UNKNOWN,UNKNOWN,Closed neutral studio reference with subbass,UNKNOWN,Very deep subbass with successful seal,UNKNOWN,Balanced full mids,Treble fairly even but slight coarse texture,INFERRED_MEDIUM,INFERRED,INFERRED,INFERRED,FIT: Relatively light closed studio fit; Synthetic leather pads folding hinge,INSUFFICIENT,REPLACEABLE,ANALOG_EXPECTED,HIGH,LOW,MEDIUM,LOW,UNKNOWN,UNKNOWN,UNKNOWN,UNKNOWN,UNKNOWN,UNKNOWN,UP1,UP2,UP1,UP2,UNKNOWN,UP2,UP1,UNKNOWN,MEDIUM,MEDIUM,"Source matrix row C024; RTINGS and DIY differ in treble nuance; fit breaks bass. No H7 comparison at Step 6. | Step8 modeled not measured H7 analog (E0006): LIKELY_MEANINGFUL. WHY=K371은 밀폐형 초저역과 비교적 균형 잡힌 중역을 동시에 보존. TRADEOFF=안경·밀착에 따른 저역 변화, 힌지/착용 개인차. SOURCE=E0261,E0262,E0303. No level-matched A/B; all ordinal UP/SAME/DOWN are conservative prediction, not actual listening improvement."
C027,Relaxed detailed vocals / Smooth/nonfatiguing treble,UNKNOWN,UNKNOWN,UNKNOWN,Musical studio closed-back on modest budget,UNKNOWN,Warm/rich bass per first-hand review,UNKNOWN,Relaxed detailed vocals,Smooth/nonfatiguing treble,INFERRED_MEDIUM,INFERRED,INFERRED,INFERRED,EVIDENCE_INSUFFICIENT,INSUFFICIENT,OFFICIAL_PARTS_GLOBAL,ANALOG_EXPECTED,LOW,LOW,LOW,LOW,UNKNOWN,UNKNOWN,UNKNOWN,UNKNOWN,UNKNOWN,UNKNOWN,UNKNOWN,UP1,UNKNOWN,UP1,UNKNOWN,UP1,UNKNOWN,UNKNOWN,LOW,LOW,"Source matrix row C027; Do NOT substitute RTINGS old SRH440 (no A) measurements. No H7 comparison at Step 6. | Step8 modeled not measured H7 analog (E0006): SMALL_OR_UNCERTAIN. WHY=SRH440A는 유선 모니터 지향 보컬 밸런스로 H7 대비 방향성 개선 가능. TRADEOFF=실측 A 리비전 자료 부족·장시간 착용/QC 미확인. SOURCE=E0263,E0264,E0304. No level-matched A/B; all ordinal UP/SAME/DOWN are conservative prediction, not actual listening improvement."
C028,Present soft mids / Smooth extended highs per review,UNKNOWN,UNKNOWN,UNKNOWN,Relaxed studio monitor balance,UNKNOWN,"Warm weight, more spacious per review",UNKNOWN,Present soft mids,Smooth extended highs per review,INFERRED_MEDIUM,INFERRED,INFERRED,INFERRED,FIT: Shure revised headband; wearer variability; Closed ear cushions; long wear heat not verified,INSUFFICIENT,OFFICIAL_PARTS_GLOBAL,ANALOG_EXPECTED,LOW,LOW,LOW,LOW,UNKNOWN,UNKNOWN,UNKNOWN,UNKNOWN,UNKNOWN,UNKNOWN,UNKNOWN,UP1,UNKNOWN,UP1,UNKNOWN,UP1,UNKNOWN,UNKNOWN,LOW,LOW,"Source matrix row C028; Do NOT mix old SRH840 non-A revision with SRH840A. No H7 comparison at Step 6. | Step8 modeled not measured H7 analog (E0006): SMALL_OR_UNCERTAIN. WHY=SRH840A 비교적 자연스러운 중역과 음악용 조정 가능. TRADEOFF=정량 비교 자료 부족, 수입/정품 차이 및 패드 상태. SOURCE=E0265,E0266,E0305. No level-matched A/B; all ordinal UP/SAME/DOWN are conservative prediction, not actual listening improvement."
C030,"Rounded vocal timbre / Headfonics hears smooth, Pragmatic notes brighter spots",UNKNOWN,UNKNOWN,UNKNOWN,"Fun spacious musical tune, good separation and imaging reported",UNKNOWN,Midbass warm and solid,UNKNOWN,Rounded vocal timbre,"Headfonics hears smooth, Pragmatic notes brighter spots",INFERRED_MEDIUM,INFERRED,INFERRED,INFERRED,"FIT: Auto-adjusting suspension distributes load well; Plush textile pads, but some ear driver mesh contact",SINGLE_OR_FEW_FIT_REPORTS,OFFICIAL_PARTS_GLOBAL,ANALOG_EXPECTED,MEDIUM,LOW,HIGH,LOW,UNKNOWN,UNKNOWN,UNKNOWN,UP1,UNKNOWN,UNKNOWN,UP1,UP1,UNKNOWN,UP1,UP1,UP1,UNKNOWN,UNKNOWN,LOW,LOW,"Source matrix row C030; Treble smoothness assessments vary and fixture differs. No H7 comparison at Step 6. | Step8 modeled not measured H7 analog (E0006): POSSIBLE_MEANINGFUL. WHY=Meze 105 AER 음악적인 중역·넓은 무대와 H7보다 덜 답답한 느낌 예상. TRADEOFF=고역 평가 상충, 귀 접촉 가능성, 별도 실청 비교 필요. SOURCE=E0267,E0268,E0306. No level-matched A/B; all ordinal UP/SAME/DOWN are conservative prediction, not actual listening improvement."
C033,Treble refined but upper-air emphasis depending recording,UNKNOWN,UNKNOWN,UNKNOWN,Closed-back that attempts open-like width,UNKNOWN,"Balanced bass, not as bass heavy as FT1",UNKNOWN,Good clear forward mids,Treble refined but upper-air emphasis depending recording,UNKNOWN,UNKNOWN,UNKNOWN,UNKNOWN,"FIT: Closed studio design, reviewer positive balance; Pads and inner cup depth insufficient objective data",INSUFFICIENT,UNKNOWN,ANALOG_EXPECTED,MEDIUM,LOW,LOW,LOW,UNKNOWN,UNKNOWN,UNKNOWN,UNKNOWN,UNKNOWN,UNKNOWN,UP1,UP2,UNKNOWN,UP1,UNKNOWN,UP2,UP1,UNKNOWN,LOW,LOW,"Step 6 source matrix CANDIDATE C033; direct H7 deltas deferred. | Step8 modeled not measured H7 analog (E0006): POSSIBLE_MEANINGFUL. WHY=SR7000은 밀폐형 유지하면서 상대적으로 중역 명료도 향상 가능. TRADEOFF=상중역 피크 자극 가능성과 가격대 비례 실익 미검증. SOURCE=E0269,E0270,E0308. No level-matched A/B; all ordinal UP/SAME/DOWN are conservative prediction, not actual listening improvement."
C037,Treble recessed relative to reference,UNKNOWN,UNKNOWN,UNKNOWN,Studio midrange may feel thin/forward for music,UNKNOWN,Accurate bass/mid according to RTINGS,UNKNOWN,Pronounced vocal/presence per SoundGuys,Treble recessed relative to reference,UNKNOWN,UNKNOWN,UNKNOWN,UNKNOWN,FIT: Suspension band/gel pads offset mass for some; Cup fit feels bulky despite comfort in expert test,INSUFFICIENT,OFFICIAL_PARTS_GLOBAL,ANALOG_EXPECTED,LOW,LOW,HIGH,LOW,UNKNOWN,UNKNOWN,UNKNOWN,UP1,UNKNOWN,LESS,UP1,UP1,UNKNOWN,UNKNOWN,UNKNOWN,UP1,UNKNOWN,UNKNOWN,LOW,LOW,"Step 6 source matrix CANDIDATE C037; direct H7 deltas deferred. | Step8 modeled not measured H7 analog (E0006): UNCERTAIN. WHY=MM-100의 중역 전면성과 평판형 개방감은 H7과 다른 장점. TRADEOFF=전문 리뷰가 음악 감상에 대해 상충, 475g 장시간 부담. SOURCE=E0271,E0272,E0309. No level-matched A/B; all ordinal UP/SAME/DOWN are conservative prediction, not actual listening improvement."
C039,Lower-treble flavor with restricted upper extension,UNKNOWN,UNKNOWN,UNKNOWN,Compact premium closed-back with colorful dynamics,UNKNOWN,Warm enjoyable punch,UNKNOWN,Clean soft-ish vocals,Lower-treble flavor with restricted upper extension,UNKNOWN,UNKNOWN,UNKNOWN,UNKNOWN,FIT: Light comfortable premium closed headphone in RTINGS; Fabric memory foam; large head extension concern shared Focal frame,INSUFFICIENT,UNKNOWN,ANALOG_EXPECTED,MEDIUM,LOW,HIGH,LOW,UNKNOWN,UNKNOWN,UNKNOWN,UNKNOWN,UNKNOWN,UNKNOWN,UP1,UP1,UP1,UP1,UNKNOWN,UP1,UP1,UNKNOWN,LOW,LOW,"Step 6 source matrix CANDIDATE C039; direct H7 deltas deferred. | Step8 modeled not measured H7 analog (E0006): POSSIBLE_MEANINGFUL. WHY=Azurys 밀폐형 고급 저역 제어와 보컬 균형 개선 잠재력. TRADEOFF=높은 가격에도 실제 해상력 차이가 입증되지 않음. SOURCE=E0273,E0274,E0310. No level-matched A/B; all ordinal UP/SAME/DOWN are conservative prediction, not actual listening improvement."
C040,Smooth refined nonfatiguing top end,UNKNOWN,UNKNOWN,UNKNOWN,Well built musical open-back; rather than aggressively resolving,UNKNOWN,Full for open-back; punch,UNKNOWN,Rounded mids and vocals,Smooth refined nonfatiguing top end,UNKNOWN,UNKNOWN,UNKNOWN,UNKNOWN,FIT: Light but some small/narrow headband and stronger clamp; Fabric pads breathable; narrow ear cavity can touch ear,REPEATED_FIT_COMPLAINT,UNKNOWN,ANALOG_EXPECTED,MEDIUM,LOW,HIGH,LOW,UNKNOWN,UNKNOWN,UNKNOWN,UP1,UNKNOWN,LESS,UP1,UP2,UP1,UP2,UNKNOWN,UP2,UNKNOWN,UNKNOWN,LOW,LOW,"Step 6 source matrix CANDIDATE C040; direct H7 deltas deferred. | Step8 modeled not measured H7 analog (E0006): LIKELY_MEANINGFUL. WHY=Hadenys의 매끄러운 보컬/중역과 개방감은 H7 패시브 대비 음색 업그레이드 개연성. TRADEOFF=좁은 컵·높은 측압 불편 사례, 고가 대비 세부 기술 향상 불확실. SOURCE=E0275,E0276,E0311. No level-matched A/B; all ordinal UP/SAME/DOWN are conservative prediction, not actual listening improvement."
C041,ANALYTICAL,UNKNOWN,UNKNOWN,UNKNOWN,UNKNOWN,UNKNOWN,BASS_TIGHT_MODERATE,UNKNOWN,CLEAR_MONITOR,SIBILANCE_POSSIBLE,UNKNOWN,UNKNOWN,UNKNOWN,UNKNOWN,"FIT: Studio circumaural, reported clamp ranges from too weak to too strong; Replaceable synthetic pad; material preference varies",INSUFFICIENT,OFFICIAL_PARTS_GLOBAL,ANALOG_EXPECTED,MEDIUM,LOW,MEDIUM,LOW,UNKNOWN,UNKNOWN,UNKNOWN,UP1,UNKNOWN,LESS,UP1,UP2,UNKNOWN,UP1,UP1,UP2,UNKNOWN,UNKNOWN,LOW,LOW,"Details and source links in research/06_audio_analysis/acoustic_matrix.csv; H7 comparison deferred. | Step8 modeled not measured H7 analog (E0006): POSSIBLE_MEANINGFUL. WHY=Hi-X65의 분석적인 중역과 공간 표현으로 대사·악기 명료화 가능. TRADEOFF=고역 치찰 자극과 장시간 헤드밴드 불편 가능성. SOURCE=E0277,E0278,E0312. No level-matched A/B; all ordinal UP/SAME/DOWN are conservative prediction, not actual listening improvement."
C044,WARM_OPEN,UNKNOWN,UNKNOWN,UNKNOWN,UNKNOWN,UNKNOWN,LIGHT_SUBBASS,UNKNOWN,MID_CLEAR,TREBLE_BALANCED,UNKNOWN,UNKNOWN,UNKNOWN,UNKNOWN,FIT: Open headset moderate pad contact; expert comfort positive; Pads replaceable; passive microphone accessory optional,INSUFFICIENT,OFFICIAL_PARTS_GLOBAL,ANALOG_EXPECTED,LOW,LOW,MEDIUM,LOW,UNKNOWN,UNKNOWN,UNKNOWN,UP1,UNKNOWN,LESS,UNKNOWN,UP2,UP1,UP1,UP1,UP2,UNKNOWN,UNKNOWN,LOW,LOW,"Details and source links in research/06_audio_analysis/acoustic_matrix.csv; H7 comparison deferred. | Step8 modeled not measured H7 analog (E0006): POSSIBLE_MEANINGFUL. WHY=VIRTUOSO PRO는 패시브 유선 오픈형으로 H7의 중역 묻힘 개선 가능. TRADEOFF=측정실 독립성 부족, H7보다 영화 저역 임팩트 낮을 수 있음. SOURCE=E0279,E0280,E0313. No level-matched A/B; all ordinal UP/SAME/DOWN are conservative prediction, not actual listening improvement."
C052,NEUTRAL_OPEN_PLANAR,UNKNOWN,UNKNOWN,UNKNOWN,UNKNOWN,UNKNOWN,FLAT_BASS,UNKNOWN,MID_CLEAR,LOW_TREBLE_RISK,UNKNOWN,UNKNOWN,UNKNOWN,UNKNOWN,"FIT: High weight plus strong clamp for large heads; sling strap; Two pad sets included, pad-dependent warmth",INSUFFICIENT,PACKED_SPARE_NOT_AFTERMARKET_STOCK,ANALOG_EXPECTED,HIGH,LOW,MEDIUM,LOW,UNKNOWN,UNKNOWN,UNKNOWN,UP1,UNKNOWN,LESS,UP1,UP2,UP1,UP2,UP1,UP2,UNKNOWN,UNKNOWN,MEDIUM,MEDIUM,"Details and source links in research/06_audio_analysis/acoustic_matrix.csv; H7 comparison deferred. | Step8 modeled not measured H7 analog (E0006): LIKELY_MEANINGFUL. WHY=ROG Kithara는 패시브 오픈 평판형의 중역·공간으로 H7 아날로그에서 큰 성향 변화 예상. TRADEOFF=420g 무게와 강한 측압, 저역 타격감/차음 저하, 높은 가격은 Step9. SOURCE=E0281,E0282,E0314. No level-matched A/B; all ordinal UP/SAME/DOWN are conservative prediction, not actual listening improvement."
C060,NEUTRAL_CLOSED,UNKNOWN,UNKNOWN,UNKNOWN,UNKNOWN,UNKNOWN,EVEN_BASS,UNKNOWN,MID_BALANCED,TREBLE_UNKNOWN,UNKNOWN,UNKNOWN,UNKNOWN,UNKNOWN,"FIT: AKG K361 similar fit to K371, lighter clamp; Faux leather cups, compact folding",INSUFFICIENT,REPLACEABLE,ANALOG_EXPECTED,LOW,LOW,MEDIUM,LOW,UNKNOWN,UNKNOWN,UNKNOWN,UNKNOWN,UNKNOWN,UNKNOWN,UP1,UP2,UNKNOWN,UP1,UNKNOWN,UP2,UP1,UNKNOWN,LOW,LOW,"Details and source links in research/06_audio_analysis/acoustic_matrix.csv; H7 comparison deferred. | Step8 modeled not measured H7 analog (E0006): POSSIBLE_MEANINGFUL. WHY=K361은 저렴한 밀폐형으로 H7보다 자연스러운 보컬 응답 예상. TRADEOFF=독립 계측 근거 한 곳 집중, 귀 밀착과 패드 개인차. SOURCE=E0283,E0284,E0317. No level-matched A/B; all ordinal UP/SAME/DOWN are conservative prediction, not actual listening improvement."
