Evidence_ID,Subject_Type,Subject_ID,Stage,Evidence_Type,Source_Name,Title,Published_Date,Checked_Date,Access_Status,URL,Claim,Direction,Confidence,Notes
E0001,BASELINE,H7_AE5,0,USER_CONTEXT,Project input,Current reference setup,N/A,2026-10-07,DIRECT,N/A,"Current headset is Creative Sound BlasterX H7 Tournament Edition; current PC path is 3.5mm analog into Sound BlasterX AE-5 headphone output; wired/wireless is not a purchase priority.",NEUTRAL,HIGH,"No private purchase/account information recorded."
E0002,BASELINE,H7_AE5,0,USER_CONTEXT,Project input,Current listening preference,N/A,2026-10-07,DIRECT,N/A,"User has reported that AE-5 Direct Mode sounds cleaner than virtualized/effect processing; competitive FPS is low priority.",NEUTRAL,HIGH,"Subjective user preference; not a product measurement."
E0003,BASELINE,H7_AE5,0,OFFICIAL,Creative,Sound BlasterX H7 Tournament Edition specifications,2017,2026-10-07,DIRECT,https://jp.creative.com/corporate/pressroom?id=13538,"H7 Tournament Edition uses 50mm neodymium drivers, 20Hz-20kHz response, 32 ohm impedance, 118dB/mW sensitivity and supports USB plus 3.5mm analog connection.",NEUTRAL,HIGH,"Official launch specifications; official 364g figure includes mic and cables."
E0004,BASELINE,H7_AE5,0,OFFICIAL,Creative,Sound BlasterX AE-5 technical specifications,2017,2026-10-07,DIRECT,https://support.creative.com/kb/ShowArticle.aspx?c=&sid=138952,"AE-5 uses ESS ES9016K2M DAC and Xamp headphone amplifier with 1 ohm output impedance, 16-600 ohm supported headphone range, 232mW at 16 ohm and 46.8mW at 600 ohm.",POSITIVE,HIGH,"H7 32 ohm load is comfortably within supported range."
E0005,BASELINE,H7_AE5,0,OFFICIAL,Creative,Sound Blaster Command Software Guide,2019,2026-10-07,DIRECT,https://files.creative.com/manualdn/Manuals/TSD/14190/qfWrGlGToW/Sound%20Blaster%20Command%20Software%20Guide.pdf,"Direct Mode outputs audio in original form and disables applied audio effects until Direct Mode is disabled.",NEUTRAL,HIGH,"Relevant to separating AE-5 Direct Mode from SBX-processed listening."
E0006,BASELINE,H7_AE5,0,MEASUREMENT,DIY-Audio-Heaven,Sound BlasterX H7 Tournament measurements,2017-08-10,2026-10-07,DIRECT,https://diyaudioheaven.wordpress.com/measurements/creative/creative-sound-blasterx-h7-tournament/,"Passive analog measurement shows elevated bass around 80-300Hz, strongly recessed presence/mids versus bass, decent but somewhat coarse treble, low-frequency distortion generally below 1%, and an impedance response that changes little with amplifier output impedance.",MIXED,MEDIUM,"Single independent measurement rig; very relevant because current H7 USB DSP is bypassed by analog AE-5 connection."
E0007,BASELINE,H7_AE5,0,PRO_REVIEW,TechRadar,Creative Sound BlasterX H7 Tournament Edition review,2018-01-30,2026-10-07,DIRECT,https://www.techradar.com/reviews/creative-sound-blasterx-h7-tournament-edition,"Review reports high comfort, wide sound separation, strong gaming/movie performance, less prominent mids and somewhat emphasized highs; pop/EDM fare better than some organic genres.",MIXED,MEDIUM,"Listening review includes Creative processing context, so it is not treated as a pure passive analog measurement."
E0008,BASELINE,H7_AE5,0,PRO_REVIEW,Digital Trends via AIVAnet,Sound BlasterX H7 Tournament Edition review,2017-03-29,2026-10-07,DIRECT,https://www.aivanet.com/2017/03/sound-blasterx-h7-tournament-edition-review/,"Review reports comfortable long sessions, crisp/accurate sound, and good 3.5mm positional performance; it also notes connection-mode differences.",POSITIVE,MEDIUM,"Useful subjective cross-check; not a controlled measurement."
E0009,BASELINE,H7_AE5,0,COMMUNITY,Reddit r/HeadphoneAdvice,Seven-year H7 Tournament Edition ownership report,2024-01-08,2026-10-07,DIRECT,https://www.reddit.com/r/HeadphoneAdvice/comments/191yair,"A long-term owner reports seven years of use before leather-effect material flaking became a replacement reason.",NEGATIVE,LOW,"Single anecdote; useful as long-term material-aging evidence only."
E0010,BASELINE,H7_AE5,0,COMMUNITY,Reddit r/gaming,H7 Tournament Edition comfort recommendation,2019-07-10,2026-10-07,DIRECT,https://www.reddit.com/r/gaming/comments/cbe676,"A user recommendation describes the H7 Tournament Edition as well built and comfortable for long play periods.",POSITIVE,LOW,"Single community anecdote; corroborates professional comfort reviews."
E0011,BRAND,Sennheiser,1,OFFICIAL,Sennheiser Hearing Korea,Current consumer headphone lineup,N/A,2026-10-07,DIRECT,https://kr.sennheiser-hearing.com/category/%ED%97%A4%EB%93%9C%ED%8F%B0/63/,"Korean official lineup includes HD 560S, HD 600, HD 660S2 and HD 800S; HD 550 is also currently listed separately.",NEUTRAL,HIGH,"Consumer line."
E0012,BRAND,Sennheiser,1,OFFICIAL,Sennheiser,HD Series professional headphones,N/A,2026-10-07,DIRECT,https://www.sennheiser.com/ko-kr/product-families/sennheiser-hd-series-headphones,"Professional HD family includes HD 400 PRO, HD 490 PRO and 2026 HD 480 PRO among current models.",NEUTRAL,HIGH,"Professional line is separate from Sonova consumer line."
E0013,BRAND,beyerdynamic,1,OFFICIAL,beyerdynamic,Supported headphones,2026-03-06,2026-10-07,DIRECT,https://support.beyerdynamic.com/hc/en-us/articles/25075623967004-Supported-headphones,"2026 support list includes classic DT models, DT 700/900 PRO X, DT 770/990 PRO X and DT 1770/1990 PRO MKII.",NEUTRAL,HIGH,"Currentness cross-check."
E0014,BRAND,beyerdynamic,1,OFFICIAL,beyerdynamic Korea,Headphone lineup and support,N/A,2026-10-07,DIRECT,https://www.beyerdynamic.co.kr/goods/goods_list.php?cateCd=001001,"Korean site lists current DT headphones and publishes a domestic A/S contact channel.",POSITIVE,HIGH,"Domestic support visibility is strong."
E0015,BRAND,Audio-Technica,1,OFFICIAL,Audio-Technica SEA,ATH-R70xa and new R-Series,N/A,2026-10-07,DIRECT,https://sea.audio-technica.com/ATH-R70xa-Professional-Open-Back-Reference-Headphones,"New R-Series consists of R70xa flagship, R50x mid-tier and R30x entry model.",NEUTRAL,HIGH,"Current generation reference line."
E0016,BRAND,Audio-Technica,1,OFFICIAL,Se-ki AT,Audio-Technica Korea current R-series,N/A,2026-10-07,DIRECT,https://audio-technica.co.kr/project/%EC%B6%94%EC%84%9D-%EC%84%B8%EC%9D%BC-%F0%9F%8C%95%F0%9F%8D%82/48/,"Korean official channel lists ATH-R30x, R50x and R70xa.",POSITIVE,HIGH,"Domestic official retail visibility."
E0017,BRAND,Sony,1,OFFICIAL,Sony Korea,Professional headphone lineup,N/A,2026-10-07,DIRECT,https://www.sony.co.kr/headphones/pro,"Sony Korea Pro lineup includes MDR-M1 and MDR-MV1 alongside high-end MDR-Z1R.",NEUTRAL,HIGH,"Domestic official support and registration available."
E0018,BRAND,FiiO,1,OFFICIAL,FiiO,Headphone product/news lineup,N/A,2026-10-07,DIRECT,https://www.fiio.com/,"FiiO currently promotes FT1 PRO, FT7 and newly launched FT15 among active headphone products.",NEUTRAL,HIGH,"Rapidly changing lineup."
E0019,BRAND,FiiO,1,KR_REVIEW,Scheherazade,FiiO FT1 PRO domestic official distribution,2025-02,2026-10-07,DIRECT,https://www.schezade.co.kr/goods/g_detail.html?gid=5953,"Sorishop is identified as FiiO's Korean official distributor and provides a domestic A/S path.",POSITIVE,HIGH,"Distribution evidence."
E0020,BRAND,HIFIMAN,1,OFFICIAL,HIFIMAN Korea,Official Korean store and warranty,N/A,2026-10-07,DIRECT,https://kr.hifiman.com/,"HIFIMAN operates a Korean official store with current and new-arrival headphone products.",POSITIVE,HIGH,"Warranty policy separately available."
E0021,BRAND,AKG,1,OFFICIAL,AKG,K371 current product,N/A,2026-10-07,DIRECT,https://www.akg.com/K371-.html?dwvar_K371-_color=Black-GLOBAL-Current,"K371 remains a current official closed-back studio headphone.",NEUTRAL,HIGH,"Other K-series currentness needs model-level verification later."
E0022,BRAND,AKG,1,KR_REVIEW,YES24,K371 Techdata official import,N/A,2026-10-07,DIRECT,https://www.yes24.com/Product/Goods/113792604,"K371 is sold in Korea as a Techdata-imported official product.",POSITIVE,MEDIUM,"Retailer evidence for Korean distribution."
E0023,BRAND,Philips,1,OFFICIAL,Philips Korea,Fidelio X2HR support page,N/A,2026-10-07,DIRECT,https://www.philips.co.kr/c-p/X2HR_00/fidelio-headphones/support,"Philips Korea marks X2HR as discontinued even though retail listings still exist.",NEGATIVE,HIGH,"Treat as legacy/current-market anomaly."
E0024,BRAND,Shure,1,OFFICIAL,Shure,Current SRH headphone line,N/A,2026-10-07,DIRECT,https://www.shure.com/en-ASIA/products/headphones/srh840,"Shure's current over-ear line includes SRH840A and SRH1540, with replaceable pads/cables available for SRH A-series.",POSITIVE,HIGH,"Studio-oriented line."
E0025,BRAND,Shure,1,OFFICIAL,SamaSound,SRH840A domestic product page,N/A,2026-10-07,DIRECT,https://samasound.co.kr/product/srh840a/671/,"SamaSound lists SRH840A in Korea, providing a domestic product/support path.",POSITIVE,MEDIUM,"Domestic support visibility."
E0026,BRAND,Meze,1,OFFICIAL,Meze Audio,Current headphone portfolio,N/A,2026-10-07,DIRECT,https://mezeaudio.com/,"Current portfolio includes 99 Classics 2nd Gen, 105 AER, 105 SILVA, 109 PRO, STRADA and higher-end models.",NEUTRAL,HIGH,"Current portfolio."
E0027,BRAND,Meze,1,OFFICIAL,Meze Audio,Dealers and distributors,N/A,2026-10-07,DIRECT,https://mezeaudio.com/pages/dealers,"Meze lists Sorishop Co. as a South Korea distributor.",POSITIVE,HIGH,"Manufacturer-confirmed Korean distributor."
E0028,BRAND,aune,1,OFFICIAL,aune,AR5000 MK2 launch,2026-06-02,2026-10-07,DIRECT,https://cn.auneaudio.com/news/ar5000mk2onsale,"AR5000 MK2 officially launched in 2026 and aune's 2026 events also show AR3000 and AR9000 expanding the full-size lineup.",NEUTRAL,HIGH,"Currentness update."
E0029,BRAND,aune,1,KR_REVIEW,Scheherazade,AR5000 Korean official distribution,N/A,2026-10-07,DIRECT,https://www.schezade.co.kr/goods/g_detail.html?gid=5636,"Sorishop is identified as aune's Korean official distributor; current store listings also show AR5000 MK2.",POSITIVE,MEDIUM,"Step 3 should confirm support details for each new model."
E0030,BRAND,MOONDROP,1,OFFICIAL,MOONDROP,Current headphones,N/A,2026-10-07,DIRECT,https://moondroplab.com/en/headphones,"MOONDROP current headphone page lists COSMO, PARA/PARA2, HORIZON, VENUS, JOKER and VOID among full-size products.",NEUTRAL,HIGH,"Broad current lineup."
E0031,BRAND,MOONDROP,1,OFFICIAL,MOONDROP,Authorized retailers,N/A,2026-10-07,DIRECT,https://moondroplab.com/en/sales-agents,"MOONDROP authorized retailer list includes Ankihouse Int in Korea.",POSITIVE,HIGH,"Actual A/S convenience to verify later."
E0032,BRAND,Audeze,1,OFFICIAL,Audeze,Professional collection,N/A,2026-10-07,DIRECT,https://www.audeze.com/pages/professional,"Current professional lineup includes MM-100, MM-520, LCD-X, LCD-XC and other planar headphones.",NEUTRAL,HIGH,"Gaming line also exists separately."
E0033,BRAND,Audeze,1,OFFICIAL,Audeze,Asia and Oceania distribution,N/A,2026-10-07,DIRECT,https://www.audeze.com/pages/asia-and-oceania-distribution,"Audeze lists Sorishop as South Korea distributor and Gearlounge for Pro Audio.",POSITIVE,HIGH,"Manufacturer-confirmed distributors."
E0034,BRAND,Focal,1,OFFICIAL,Focal,High-fidelity headphones Korea,N/A,2026-10-07,DIRECT,https://www.focal.com/ko/catalog/headphones/high-fidelity-headphones,"Current Korean-language catalog lists Hadenys, Azurys, Clear MG, Utopia and Stellia while older models are separately marked discontinued.",NEUTRAL,HIGH,"Local distributor specifics deferred."
E0035,BRAND,Austrian-Audio,1,OFFICIAL,Austrian Audio,Hi-X65 current product,N/A,2026-10-07,DIRECT,https://austrian.audio/product/hi-x65/,"Hi-X65 remains a current open-back studio model; manufacturer states key parts such as pads and cables are replaceable.",POSITIVE,HIGH,"Domestic official importer not confirmed at Step 1."
