Price_ID,Candidate_ID,Checked_Date,Source,Seller,Distribution_Type,Price_Type,Price_KRW,Shipping_KRW,Conditions,Historical_Context,Source_URL,Notes
P0001,C001,2026-10-09,Danawa,Coupang,OFFICIAL,LISTED,216000,UNKNOWN,Unconditional advertised; seller via Danawa,Snapshot evidence. This is NOT a verified 2026-10-09 checkout price; page crawl can predate access.,https://prod.danawa.com/info/?pcode=12573776,Danawa aggregated seller quote; price not directly verified at checkout; crawl age varies
P0002,C001,2026-10-09,Danawa,Sennshop,OFFICIAL,LISTED,229000,UNKNOWN,Unconditional advertised; seller via Danawa,Snapshot evidence. This is NOT a verified 2026-10-09 checkout price; page crawl can predate access.,https://prod.danawa.com/info/?pcode=12573776,Danawa aggregated seller quote; price not directly verified at checkout; crawl age varies
P0003,C001,2026-10-09,Danawa,Hi-Mart,OFFICIAL,LISTED,229000,UNKNOWN,Unconditional advertised; seller via Danawa,Snapshot evidence. This is NOT a verified 2026-10-09 checkout price; page crawl can predate access.,https://prod.danawa.com/info/?pcode=12573776,Danawa aggregated seller quote; price not directly verified at checkout; crawl age varies
P0004,C002,2026-10-09,Danawa,Cool Deal Store,OFFICIAL,LISTED,268900,UNKNOWN,Unconditional advertised; seller via Danawa,Snapshot evidence. This is NOT a verified 2026-10-09 checkout price; page crawl can predate access.,https://prod.danawa.com/info/?pcode=86100908,Danawa aggregated seller quote; price not directly verified at checkout; crawl age varies
P0005,C002,2026-10-09,Danawa,Coupang,OFFICIAL,LISTED,299000,UNKNOWN,Unconditional advertised; seller via Danawa,Snapshot evidence. This is NOT a verified 2026-10-09 checkout price; page crawl can predate access.,https://prod.danawa.com/info/?pcode=86100908,Danawa aggregated seller quote; price not directly verified at checkout; crawl age varies
P0006,C002,2026-10-09,Danawa,Coupang,OFFICIAL,DEAL,255280,UNKNOWN,NH Bank card 5% conditional,Snapshot evidence. This is NOT a verified 2026-10-09 checkout price; page crawl can predate access.,https://prod.danawa.com/info/?pcode=86100908,Conditional benefit not unconditional sale price
P0007,C003,2026-10-09,Danawa,Coupang,OFFICIAL,LISTED,332800,UNKNOWN,Unconditional advertised; seller via Danawa,Snapshot evidence. This is NOT a verified 2026-10-09 checkout price; page crawl can predate access.,https://prod.danawa.com/info/?pcode=12192,Danawa aggregated seller quote; price not directly verified at checkout; crawl age varies
P0008,C003,2026-10-09,Danawa,Cool Deal Store,OFFICIAL,LISTED,369000,UNKNOWN,Unconditional advertised; seller via Danawa,Snapshot evidence. This is NOT a verified 2026-10-09 checkout price; page crawl can predate access.,https://prod.danawa.com/info/?pcode=12192,Danawa aggregated seller quote; price not directly verified at checkout; crawl age varies
P0009,C003,2026-10-09,Danawa,Hi-Mart,OFFICIAL,LISTED,449000,UNKNOWN,Unconditional advertised; seller via Danawa,Snapshot evidence. This is NOT a verified 2026-10-09 checkout price; page crawl can predate access.,https://prod.danawa.com/info/?pcode=12192,Danawa aggregated seller quote; price not directly verified at checkout; crawl age varies
P0010,C004,2026-10-09,Danawa,Coupang,OFFICIAL,LISTED,675000,UNKNOWN,Unconditional advertised; seller via Danawa,Snapshot evidence. This is NOT a verified 2026-10-09 checkout price; page crawl can predate access.,https://prod.danawa.com/info/?pcode=39767978,Danawa aggregated seller quote; price not directly verified at checkout; crawl age varies
P0011,C004,2026-10-09,Danawa,Auction,OFFICIAL,LISTED,730000,UNKNOWN,Unconditional advertised; seller via Danawa,Snapshot evidence. This is NOT a verified 2026-10-09 checkout price; page crawl can predate access.,https://prod.danawa.com/info/?pcode=39767978,Danawa aggregated seller quote; price not directly verified at checkout; crawl age varies
P0012,C006,2026-10-09,Danawa,Danawa minimum seller,OFFICIAL,LISTED,425000,UNKNOWN,Unconditional advertised; seller via Danawa,Snapshot evidence. This is NOT a verified 2026-10-09 checkout price; page crawl can predate access.,https://prod.danawa.com/info/?pcode=16942031,Danawa aggregated seller quote; price not directly verified at checkout; crawl age varies
P0013,C010,2026-10-09,Danawa,Coupang,OFFICIAL,LISTED,249000,UNKNOWN,Unconditional advertised; seller via Danawa,Snapshot evidence. This is NOT a verified 2026-10-09 checkout price; page crawl can predate access.,https://prod.danawa.com/info/?pcode=75464609,Danawa aggregated seller quote; price not directly verified at checkout; crawl age varies
P0014,C010,2026-10-09,Danawa,SSG,OFFICIAL,LISTED,269000,UNKNOWN,Unconditional advertised; seller via Danawa,Snapshot evidence. This is NOT a verified 2026-10-09 checkout price; page crawl can predate access.,https://prod.danawa.com/info/?pcode=75464609,Danawa aggregated seller quote; price not directly verified at checkout; crawl age varies
P0015,C010,2026-10-09,Schezade,Schezade,OFFICIAL,LISTED,269000,UNKNOWN,Retail catalog quote,Snapshot evidence. This is NOT a verified 2026-10-09 checkout price; page crawl can predate access.,https://www.schezade.co.kr/goods/g_list.html?brand_search=5,Specialist/official retailer site read directly; stock must be checked at checkout
P0016,C010,2026-10-09,Audio-Technica Korea,Audio-Technica Korea,OFFICIAL,LISTED,249000,UNKNOWN,Promotion listing; may end after holiday,Snapshot evidence. This is NOT a verified 2026-10-09 checkout price; page crawl can predate access.,https://audio-technica.co.kr/project/%EC%B6%94%EC%84%9D-%EC%84%B8%EC%9D%BC-%F0%9F%8C%95%F0%9F%8D%82/48/,Specialist/official retailer site read directly; stock must be checked at checkout
P0017,C010,2026-10-09,Danawa,Today's House,OFFICIAL,DEAL,242100,UNKNOWN,KB card conditional,Snapshot evidence. This is NOT a verified 2026-10-09 checkout price; page crawl can predate access.,https://prod.danawa.com/info/?pcode=75464609,Conditional benefit not unconditional sale price
P0018,C011,2026-10-09,Danawa,Coupang,OFFICIAL,LISTED,429000,UNKNOWN,Unconditional advertised; seller via Danawa,Snapshot evidence. This is NOT a verified 2026-10-09 checkout price; page crawl can predate access.,https://prod.danawa.com/info/?pcode=75464651,Danawa aggregated seller quote; price not directly verified at checkout; crawl age varies
P0019,C011,2026-10-09,Danawa,YES24,OFFICIAL,LISTED,439000,UNKNOWN,Unconditional advertised; seller via Danawa,Snapshot evidence. This is NOT a verified 2026-10-09 checkout price; page crawl can predate access.,https://prod.danawa.com/info/?pcode=75464651,Danawa aggregated seller quote; price not directly verified at checkout; crawl age varies
P0020,C011,2026-10-09,Schezade,Schezade,OFFICIAL,LISTED,449000,UNKNOWN,Retail catalog quote,Snapshot evidence. This is NOT a verified 2026-10-09 checkout price; page crawl can predate access.,https://www.schezade.co.kr/goods/g_list.html?brand_search=5,Specialist/official retailer site read directly; stock must be checked at checkout
P0021,C012,2026-10-09,Danawa,LFmall,OFFICIAL,LISTED,173880,UNKNOWN,Unconditional advertised; seller via Danawa,Snapshot evidence. This is NOT a verified 2026-10-09 checkout price; page crawl can predate access.,https://prod.danawa.com/info/?pcode=92545781,Danawa aggregated seller quote; price not directly verified at checkout; crawl age varies
P0022,C012,2026-10-09,Danawa,Coupang,OFFICIAL,LISTED,178420,UNKNOWN,Unconditional advertised; seller via Danawa,Snapshot evidence. This is NOT a verified 2026-10-09 checkout price; page crawl can predate access.,https://prod.danawa.com/info/?pcode=92545781,Danawa aggregated seller quote; price not directly verified at checkout; crawl age varies
P0023,C012,2026-10-09,Schezade,Schezade,OFFICIAL,LISTED,189000,UNKNOWN,Retail catalog quote,Snapshot evidence. This is NOT a verified 2026-10-09 checkout price; page crawl can predate access.,https://www.schezade.co.kr/goods/g_list.html?brand_search=5,Specialist/official retailer site read directly; stock must be checked at checkout
P0024,C012,2026-10-09,Audio-Technica Korea,Audio-Technica Korea,OFFICIAL,LISTED,169000,UNKNOWN,Promotion listing; may end after holiday,Snapshot evidence. This is NOT a verified 2026-10-09 checkout price; page crawl can predate access.,https://audio-technica.co.kr/project/%EC%B6%94%EC%84%9D-%EC%84%B8%EC%9D%BC-%F0%9F%8C%95%F0%9F%8D%82/48/,Specialist/official retailer site read directly; stock must be checked at checkout
P0025,C013,2026-10-09,Danawa,Coupang,OFFICIAL,LISTED,305970,UNKNOWN,Unconditional advertised; seller via Danawa,Snapshot evidence. This is NOT a verified 2026-10-09 checkout price; page crawl can predate access.,https://prod.danawa.com/info/?pcode=68362961,Danawa aggregated seller quote; price not directly verified at checkout; crawl age varies
P0026,C013,2026-10-09,Danawa,Se-Myung Soriway,OFFICIAL,LISTED,328000,UNKNOWN,Unconditional advertised; seller via Danawa,Snapshot evidence. This is NOT a verified 2026-10-09 checkout price; page crawl can predate access.,https://prod.danawa.com/info/?pcode=68362961,Danawa aggregated seller quote; price not directly verified at checkout; crawl age varies
P0027,C013,2026-10-09,Danawa,Gmarket,OFFICIAL,LISTED,351500,UNKNOWN,Unconditional advertised; seller via Danawa,Snapshot evidence. This is NOT a verified 2026-10-09 checkout price; page crawl can predate access.,https://prod.danawa.com/info/?pcode=68362961,Danawa aggregated seller quote; price not directly verified at checkout; crawl age varies
P0028,C013,2026-10-09,Danawa,Coupang,OFFICIAL,DEAL,290670,UNKNOWN,NH card conditional,Snapshot evidence. This is NOT a verified 2026-10-09 checkout price; page crawl can predate access.,https://prod.danawa.com/info/?pcode=68362961,Conditional benefit not unconditional sale price
P0029,C014,2026-10-09,Danawa,Coupang,OFFICIAL,LISTED,498000,UNKNOWN,Unconditional advertised; seller via Danawa,Snapshot evidence. This is NOT a verified 2026-10-09 checkout price; page crawl can predate access.,https://prod.danawa.com/info/?pcode=19841069,Danawa aggregated seller quote; price not directly verified at checkout; crawl age varies
P0030,C014,2026-10-09,Danawa,Soul Soriway,OFFICIAL,LISTED,499000,UNKNOWN,Unconditional advertised; seller via Danawa,Snapshot evidence. This is NOT a verified 2026-10-09 checkout price; page crawl can predate access.,https://prod.danawa.com/info/?pcode=19841069,Danawa aggregated seller quote; price not directly verified at checkout; crawl age varies
P0031,C014,2026-10-09,Danawa,Coupang overseas,IMPORT,LISTED,404000,UNKNOWN,Unconditional advertised; seller via Danawa,Snapshot evidence. This is NOT a verified 2026-10-09 checkout price; page crawl can predate access.,https://prod.danawa.com/info/?pcode=19862573,Danawa aggregated seller quote; price not directly verified at checkout; crawl age varies
P0032,C014,2026-10-09,Danawa,Coupang,OFFICIAL,DEAL,474050,UNKNOWN,NH card conditional,Snapshot evidence. This is NOT a verified 2026-10-09 checkout price; page crawl can predate access.,https://prod.danawa.com/info/?pcode=19841069,Conditional benefit not unconditional sale price
P0033,C015,2026-10-09,Danawa,Danawa minimum seller,OFFICIAL,LISTED,230000,UNKNOWN,Unconditional advertised; seller via Danawa,Snapshot evidence. This is NOT a verified 2026-10-09 checkout price; page crawl can predate access.,https://prod.danawa.com/info/?pcode=77312591,Danawa aggregated seller quote; price not directly verified at checkout; crawl age varies
P0034,C015,2026-10-09,Schezade,Schezade,OFFICIAL,LISTED,230000,UNKNOWN,Retail catalog quote,Snapshot evidence. This is NOT a verified 2026-10-09 checkout price; page crawl can predate access.,https://www.schezade.co.kr/goods/g_list.html?arg=price_desc&brand_search=38&class_id=&class_sub_id=&hv=&mv=&page=1&price_cate=&s_key=,Specialist/official retailer site read directly; stock must be checked at checkout
P0035,C016,2026-10-09,Danawa,Coupang,OFFICIAL,LISTED,312930,UNKNOWN,Unconditional advertised; seller via Danawa,Snapshot evidence. This is NOT a verified 2026-10-09 checkout price; page crawl can predate access.,https://prod.danawa.com/info/?pcode=77787068,Danawa aggregated seller quote; price not directly verified at checkout; crawl age varies
P0036,C016,2026-10-09,Danawa,LotteON,OFFICIAL,LISTED,317000,UNKNOWN,Unconditional advertised; seller via Danawa,Snapshot evidence. This is NOT a verified 2026-10-09 checkout price; page crawl can predate access.,https://prod.danawa.com/info/?pcode=77787068,Danawa aggregated seller quote; price not directly verified at checkout; crawl age varies
P0037,C016,2026-10-09,Schezade,Schezade,OFFICIAL,LISTED,317000,UNKNOWN,Retail catalog quote,Snapshot evidence. This is NOT a verified 2026-10-09 checkout price; page crawl can predate access.,https://www.schezade.co.kr/goods/g_list.html?arg=price_desc&brand_search=38&class_id=&class_sub_id=&hv=&mv=&page=1&price_cate=&s_key=,Specialist/official retailer site read directly; stock must be checked at checkout
P0038,C016,2026-10-09,Danawa,Danawa overseas,IMPORT,LISTED,214980,UNKNOWN,Unconditional advertised; seller via Danawa,Snapshot evidence. This is NOT a verified 2026-10-09 checkout price; page crawl can predate access.,https://prod.danawa.com/info/?pcode=77787068,Imported option shown within genuine comparison page; exact import listing link needs checkout verification
P0039,C016,2026-10-09,Danawa,LotteON,OFFICIAL,DEAL,285300,UNKNOWN,Lotte card 10% conditional,Snapshot evidence. This is NOT a verified 2026-10-09 checkout price; page crawl can predate access.,https://prod.danawa.com/info/?pcode=77787068,Conditional benefit not unconditional sale price
P0040,C017,2026-10-09,Danawa,11st,OFFICIAL,LISTED,361090,UNKNOWN,Unconditional advertised; seller via Danawa,Snapshot evidence. This is NOT a verified 2026-10-09 checkout price; page crawl can predate access.,https://prod.danawa.com/info/?pcode=28368164,Danawa aggregated seller quote; price not directly verified at checkout; crawl age varies
P0041,C017,2026-10-09,Danawa,SSG,OFFICIAL,LISTED,367990,UNKNOWN,Unconditional advertised; seller via Danawa,Snapshot evidence. This is NOT a verified 2026-10-09 checkout price; page crawl can predate access.,https://prod.danawa.com/info/?pcode=28368164,Danawa aggregated seller quote; price not directly verified at checkout; crawl age varies
P0042,C018,2026-10-09,Danawa,11st,OFFICIAL,LISTED,567790,UNKNOWN,Unconditional advertised; seller via Danawa,Snapshot evidence. This is NOT a verified 2026-10-09 checkout price; page crawl can predate access.,https://prod.danawa.com/info/?pcode=32846090,Danawa aggregated seller quote; price not directly verified at checkout; crawl age varies
P0043,C018,2026-10-09,Danawa,Coupang,OFFICIAL,LISTED,569000,UNKNOWN,Unconditional advertised; seller via Danawa,Snapshot evidence. This is NOT a verified 2026-10-09 checkout price; page crawl can predate access.,https://prod.danawa.com/info/?pcode=32846090,Danawa aggregated seller quote; price not directly verified at checkout; crawl age varies
P0044,C019,2026-10-09,HIFIMAN Korea,HIFIMAN Korea,OFFICIAL,LISTED,104900,UNKNOWN,SOLD_OUT listing price; NOT currently purchasable,Snapshot evidence. This is NOT a verified 2026-10-09 checkout price; page crawl can predate access.,https://kr.hifiman.com/products/he400se,Specialist/official retailer site read directly; stock must be checked at checkout
P0045,C020,2026-10-09,HIFIMAN Korea,HIFIMAN Korea,OFFICIAL,LISTED,259000,UNKNOWN,SOLD_OUT listing price; NOT currently purchasable,Snapshot evidence. This is NOT a verified 2026-10-09 checkout price; page crawl can predate access.,https://kr.hifiman.com/products/sundara,Specialist/official retailer site read directly; stock must be checked at checkout
P0046,C021,2026-10-09,HIFIMAN Korea,HIFIMAN Korea,OFFICIAL,LISTED,303000,UNKNOWN,SOLD_OUT listing price; NOT currently purchasable,Snapshot evidence. This is NOT a verified 2026-10-09 checkout price; page crawl can predate access.,https://kr.hifiman.com/products/edition-xs,Specialist/official retailer site read directly; stock must be checked at checkout
P0047,C020,2026-10-09,HIFIMAN Korea open-box,HIFIMAN Korea open-box,OFFICIAL,LISTED,229000,UNKNOWN,OPEN_BOX + SOLD_OUT; not sealed-new,Snapshot evidence. This is NOT a verified 2026-10-09 checkout price; page crawl can predate access.,https://kr.hifiman.com/products/sundara-openbox,Specialist/official retailer site read directly; stock must be checked at checkout
P0048,C021,2026-10-09,HIFIMAN Korea open-box,HIFIMAN Korea open-box,OFFICIAL,LISTED,225000,UNKNOWN,OPEN_BOX + SOLD_OUT; not sealed-new,Snapshot evidence. This is NOT a verified 2026-10-09 checkout price; page crawl can predate access.,https://kr.hifiman.com/products/edition-xs-open-box,Specialist/official retailer site read directly; stock must be checked at checkout
P0049,C021,2026-10-09,HIFIMAN Korea refurbished,HIFIMAN Korea refurbished,OFFICIAL,LISTED,240000,UNKNOWN,REFURBISHED + SOLD_OUT; not sealed-new,Snapshot evidence. This is NOT a verified 2026-10-09 checkout price; page crawl can predate access.,https://kr.hifiman.com/products/edition-xs-refurb,Specialist/official retailer site read directly; stock must be checked at checkout
P0050,C022,2026-10-09,HIFIMAN Korea,HIFIMAN Korea,OFFICIAL,LISTED,459000,UNKNOWN,Collection price; item stock/checkout NOT VERIFIED,Snapshot evidence. This is NOT a verified 2026-10-09 checkout price; page crawl can predate access.,https://kr.hifiman.com/collections/all-products,Specialist/official retailer site read directly; stock must be checked at checkout
P0051,C023,2026-10-09,HIFIMAN Korea open-box,HIFIMAN Korea open-box,OFFICIAL,LISTED,479000,UNKNOWN,OPEN_BOX variant only; retail new price UNKNOWN,Snapshot evidence. This is NOT a verified 2026-10-09 checkout price; page crawl can predate access.,https://kr.hifiman.com/collections/all-products,Specialist/official retailer site read directly; stock must be checked at checkout
P0052,C024,2026-10-09,Danawa,Coupang,OFFICIAL,LISTED,235000,UNKNOWN,Unconditional advertised; seller via Danawa,Snapshot evidence. This is NOT a verified 2026-10-09 checkout price; page crawl can predate access.,https://prod.danawa.com/info/?pcode=11482977,Danawa aggregated seller quote; price not directly verified at checkout; crawl age varies
P0053,C024,2026-10-09,Danawa,Hi-Tech Korea,OFFICIAL,LISTED,260000,UNKNOWN,Unconditional advertised; seller via Danawa,Snapshot evidence. This is NOT a verified 2026-10-09 checkout price; page crawl can predate access.,https://prod.danawa.com/info/?pcode=11482977,Danawa aggregated seller quote; price not directly verified at checkout; crawl age varies
P0054,C024,2026-10-09,Danawa,Danawa overseas,IMPORT,LISTED,174690,UNKNOWN,Unconditional advertised; seller via Danawa,Snapshot evidence. This is NOT a verified 2026-10-09 checkout price; page crawl can predate access.,https://prod.danawa.com/info/?pcode=11482977,"Imported option in Danawa comparison, not authoritative seller checkout"
P0055,C024,2026-10-09,Danawa,Hi-Mart,OFFICIAL,DEAL,234000,UNKNOWN,Shinhan card discount; reference list 260000,Snapshot evidence. This is NOT a verified 2026-10-09 checkout price; page crawl can predate access.,https://prod.danawa.com/info/?pcode=11482977,Conditional benefit not unconditional sale price
P0056,C025,2026-10-09,Danawa,Today's House,OFFICIAL,LISTED,69800,UNKNOWN,Unconditional advertised; seller via Danawa,Snapshot evidence. This is NOT a verified 2026-10-09 checkout price; page crawl can predate access.,https://prod.danawa.com/info/?pcode=2575070,Danawa aggregated seller quote; price not directly verified at checkout; crawl age varies
P0057,C026,2026-10-09,Danawa,Danawa min seller,OFFICIAL,LISTED,129000,UNKNOWN,Unconditional advertised; seller via Danawa,Snapshot evidence. This is NOT a verified 2026-10-09 checkout price; page crawl can predate access.,https://prod.danawa.com/info/?pcode=5275813,Philips official discontinued; advertised stock may be old
P0058,C027,2026-10-09,Danawa,Coupang,OFFICIAL,LISTED,157440,UNKNOWN,Unconditional advertised; seller via Danawa,Snapshot evidence. This is NOT a verified 2026-10-09 checkout price; page crawl can predate access.,https://prod.danawa.com/info/?pcode=16477679,Danawa aggregated seller quote; price not directly verified at checkout; crawl age varies
P0059,C028,2026-10-09,Danawa,Danawa overseas seller,IMPORT,LISTED,178000,UNKNOWN,Unconditional advertised; seller via Danawa,Snapshot evidence. This is NOT a verified 2026-10-09 checkout price; page crawl can predate access.,https://prod.danawa.com/info/?pcode=16409855,Danawa aggregated seller quote; price not directly verified at checkout; crawl age varies
P0060,C030,2026-10-09,Danawa,11st,OFFICIAL,LISTED,576030,UNKNOWN,Unconditional advertised; seller via Danawa,Snapshot evidence. This is NOT a verified 2026-10-09 checkout price; page crawl can predate access.,https://prod.danawa.com/info/?pcode=77709221,Danawa aggregated seller quote; price not directly verified at checkout; crawl age varies
P0061,C030,2026-10-09,Danawa,LotteON,OFFICIAL,LISTED,576040,UNKNOWN,Unconditional advertised; seller via Danawa,Snapshot evidence. This is NOT a verified 2026-10-09 checkout price; page crawl can predate access.,https://prod.danawa.com/info/?pcode=77709221,Danawa aggregated seller quote; price not directly verified at checkout; crawl age varies
P0062,C030,2026-10-09,Danawa,LotteON,OFFICIAL,DEAL,518440,UNKNOWN,Lotte card 10%,Snapshot evidence. This is NOT a verified 2026-10-09 checkout price; page crawl can predate access.,https://prod.danawa.com/info/?pcode=77709221,Conditional benefit not unconditional sale price
P0063,C031,2026-10-09,Danawa,Coupang overseas,IMPORT,LISTED,420000,UNKNOWN,Unconditional advertised; seller via Danawa,Snapshot evidence. This is NOT a verified 2026-10-09 checkout price; page crawl can predate access.,https://prod.danawa.com/info/?pcode=32504216,Danawa aggregated seller quote; price not directly verified at checkout; crawl age varies
P0064,C032,2026-10-09,Schezade,Schezade,OFFICIAL,LISTED,538000,UNKNOWN,Retail catalog quote,Snapshot evidence. This is NOT a verified 2026-10-09 checkout price; page crawl can predate access.,https://www.schezade.co.kr/goods/g_list.html?arg=mem&brand_search=&class_id=8&class_sub_id=76&main_category=&s_key=,Specialist/official retailer site read directly; stock must be checked at checkout
P0065,C037,2026-10-09,Danawa,Danawa minimum seller,OFFICIAL,LISTED,638680,UNKNOWN,Unconditional advertised; seller via Danawa,Snapshot evidence. This is NOT a verified 2026-10-09 checkout price; page crawl can predate access.,https://prod.danawa.com/info/?pcode=69695603,Danawa aggregated seller quote; price not directly verified at checkout; crawl age varies
P0066,C037,2026-10-09,Danawa,Threego,OFFICIAL,LISTED,640000,UNKNOWN,Unconditional advertised; seller via Danawa,Snapshot evidence. This is NOT a verified 2026-10-09 checkout price; page crawl can predate access.,https://prod.danawa.com/info/?pcode=69695603,Danawa aggregated seller quote; price not directly verified at checkout; crawl age varies
P0067,C037,2026-10-09,Danawa,Threego,OFFICIAL,DEAL,621200,UNKNOWN,"Naver Plus point redemption, not price at checkout",Snapshot evidence. This is NOT a verified 2026-10-09 checkout price; page crawl can predate access.,https://prod.danawa.com/info/?pcode=69695603,Conditional benefit not unconditional sale price
P0068,C041,2026-10-09,Danawa,Danawa min seller,OFFICIAL,LISTED,699000,UNKNOWN,Unconditional advertised; seller via Danawa,Snapshot evidence. This is NOT a verified 2026-10-09 checkout price; page crawl can predate access.,https://prod.danawa.com/info/?pcode=17027156,Danawa aggregated seller quote; price not directly verified at checkout; crawl age varies
P0069,C044,2026-10-09,Danawa,11st,OFFICIAL,LISTED,240490,UNKNOWN,Unconditional advertised; seller via Danawa,Snapshot evidence. This is NOT a verified 2026-10-09 checkout price; page crawl can predate access.,https://prod.danawa.com/info/?pcode=28415717,Danawa aggregated seller quote; price not directly verified at checkout; crawl age varies
P0070,C044,2026-10-09,Danawa,Coupang,OFFICIAL,LISTED,240500,UNKNOWN,Unconditional advertised; seller via Danawa,Snapshot evidence. This is NOT a verified 2026-10-09 checkout price; page crawl can predate access.,https://prod.danawa.com/info/?pcode=28415717,Danawa aggregated seller quote; price not directly verified at checkout; crawl age varies
P0071,C045,2026-10-09,Danawa,Coupang,OFFICIAL,LISTED,99000,UNKNOWN,Unconditional advertised; seller via Danawa,Snapshot evidence. This is NOT a verified 2026-10-09 checkout price; page crawl can predate access.,https://prod.danawa.com/info/?pcode=20397689,Danawa aggregated seller quote; price not directly verified at checkout; crawl age varies
P0072,C045,2026-10-09,Danawa,Gmarket,OFFICIAL,LISTED,101210,UNKNOWN,Unconditional advertised; seller via Danawa,Snapshot evidence. This is NOT a verified 2026-10-09 checkout price; page crawl can predate access.,https://prod.danawa.com/info/?pcode=20397689,Danawa aggregated seller quote; price not directly verified at checkout; crawl age varies
P0073,C045,2026-10-09,Danawa,Coupang,OFFICIAL,DEAL,93100,UNKNOWN,WOW membership condition,Snapshot evidence. This is NOT a verified 2026-10-09 checkout price; page crawl can predate access.,https://prod.danawa.com/info/?pcode=20397689,Conditional benefit not unconditional sale price
P0074,C046,2026-10-09,Danawa,Coupang,OFFICIAL,LISTED,259000,UNKNOWN,Unconditional advertised; seller via Danawa,Snapshot evidence. This is NOT a verified 2026-10-09 checkout price; page crawl can predate access.,https://prod.danawa.com/info/?pcode=21550349,Danawa aggregated seller quote; price not directly verified at checkout; crawl age varies
P0075,C046,2026-10-09,Danawa,Easyducom,OFFICIAL,LISTED,289000,UNKNOWN,Unconditional advertised; seller via Danawa,Snapshot evidence. This is NOT a verified 2026-10-09 checkout price; page crawl can predate access.,https://prod.danawa.com/info/?pcode=21550349,Danawa aggregated seller quote; price not directly verified at checkout; crawl age varies
P0076,C047,2026-10-09,Danawa,Razer direct store,OFFICIAL,LISTED,399000,UNKNOWN,Unconditional advertised; seller via Danawa,Snapshot evidence. This is NOT a verified 2026-10-09 checkout price; page crawl can predate access.,https://prod.danawa.com/info/?pcode=97123877,Danawa aggregated seller quote; price not directly verified at checkout; crawl age varies
P0077,C047,2026-10-09,Danawa,Coupang,OFFICIAL,LISTED,399000,UNKNOWN,Unconditional advertised; seller via Danawa,Snapshot evidence. This is NOT a verified 2026-10-09 checkout price; page crawl can predate access.,https://prod.danawa.com/info/?pcode=97123877,Danawa aggregated seller quote; price not directly verified at checkout; crawl age varies
P0078,C047,2026-10-09,Danawa,Coupang overseas,IMPORT,LISTED,276390,UNKNOWN,Unconditional advertised; seller via Danawa,Snapshot evidence. This is NOT a verified 2026-10-09 checkout price; page crawl can predate access.,https://prod.danawa.com/info/?pcode=99886415,Danawa aggregated seller quote; price not directly verified at checkout; crawl age varies
P0079,C048,2026-10-09,Danawa,Coupang,OFFICIAL,LISTED,107100,UNKNOWN,Unconditional advertised; seller via Danawa,Snapshot evidence. This is NOT a verified 2026-10-09 checkout price; page crawl can predate access.,https://prod.danawa.com/info/?pcode=27888011,Danawa aggregated seller quote; price not directly verified at checkout; crawl age varies
P0080,C048,2026-10-09,Danawa,Shinsegae Mall,OFFICIAL,LISTED,109100,UNKNOWN,Unconditional advertised; seller via Danawa,Snapshot evidence. This is NOT a verified 2026-10-09 checkout price; page crawl can predate access.,https://prod.danawa.com/info/?pcode=27888011,Danawa aggregated seller quote; price not directly verified at checkout; crawl age varies
P0081,C048,2026-10-09,Danawa,Coupang,OFFICIAL,DEAL,102920,UNKNOWN,Shinhan card conditional,Snapshot evidence. This is NOT a verified 2026-10-09 checkout price; page crawl can predate access.,https://prod.danawa.com/info/?pcode=27888011,Conditional benefit not unconditional sale price
P0082,C049,2026-10-09,Danawa,Coupang overseas,IMPORT,LISTED,109920,UNKNOWN,Unconditional advertised; seller via Danawa,Snapshot evidence. This is NOT a verified 2026-10-09 checkout price; page crawl can predate access.,https://prod.danawa.com/info/?pcode=56151815,Danawa aggregated seller quote; price not directly verified at checkout; crawl age varies
P0083,C049,2026-10-09,Danawa,LotteON import,IMPORT,LISTED,157250,UNKNOWN,Unconditional advertised; seller via Danawa,Snapshot evidence. This is NOT a verified 2026-10-09 checkout price; page crawl can predate access.,https://prod.danawa.com/info/?pcode=56151815,Danawa aggregated seller quote; price not directly verified at checkout; crawl age varies
P0084,C050,2026-10-09,Bose Korea,Bose Korea,OFFICIAL,LISTED,359000,UNKNOWN,Retail catalog quote,Snapshot evidence. This is NOT a verified 2026-10-09 checkout price; page crawl can predate access.,https://www.bose.co.kr/shop_view/?idx=419,Specialist/official retailer site read directly; stock must be checked at checkout
P0085,C050,2026-10-09,Bose Korea,Bose Korea,OFFICIAL,DEAL,341050,0,Official store member 5% coupon,Snapshot evidence. This is NOT a verified 2026-10-09 checkout price; page crawl can predate access.,https://www.bose.co.kr/shop_view/?idx=419,Official discount conditional; stock should be confirmed at checkout
P0086,C051,2026-10-09,Danawa,Geumyang Retail,OFFICIAL,LISTED,489000,UNKNOWN,Unconditional advertised; seller via Danawa,Snapshot evidence. This is NOT a verified 2026-10-09 checkout price; page crawl can predate access.,https://prod.danawa.com/info/?pcode=69466199,Danawa aggregated seller quote; price not directly verified at checkout; crawl age varies
P0087,C051,2026-10-09,Danawa,Hi-Mart,OFFICIAL,DEAL,440100,UNKNOWN,Shinhan card conditional 10%,Snapshot evidence. This is NOT a verified 2026-10-09 checkout price; page crawl can predate access.,https://prod.danawa.com/info/?pcode=69466199,Conditional benefit not unconditional sale price
P0088,C052,2026-10-09,Danawa,Gmarket,OFFICIAL,LISTED,480700,UNKNOWN,Unconditional advertised; seller via Danawa,Snapshot evidence. This is NOT a verified 2026-10-09 checkout price; page crawl can predate access.,https://prod.danawa.com/info/?pcode=122643993,Danawa aggregated seller quote; price not directly verified at checkout; crawl age varies
P0089,C052,2026-10-09,Danawa,Auction,OFFICIAL,LISTED,480700,UNKNOWN,Unconditional advertised; seller via Danawa,Snapshot evidence. This is NOT a verified 2026-10-09 checkout price; page crawl can predate access.,https://prod.danawa.com/info/?pcode=122643993,Danawa aggregated seller quote; price not directly verified at checkout; crawl age varies
P0090,C052,2026-10-09,Danawa,SSG,OFFICIAL,LISTED,491000,UNKNOWN,Unconditional advertised; seller via Danawa,Snapshot evidence. This is NOT a verified 2026-10-09 checkout price; page crawl can predate access.,https://prod.danawa.com/info/?pcode=122643993,Danawa aggregated seller quote; price not directly verified at checkout; crawl age varies
P0091,C052,2026-10-09,Danawa,Coupang,OFFICIAL,DEAL,435880,UNKNOWN,WOW membership 13% max conditions,Snapshot evidence. This is NOT a verified 2026-10-09 checkout price; page crawl can predate access.,https://prod.danawa.com/info/?pcode=122643993,Conditional benefit not unconditional sale price
P0092,C054,2026-10-09,Danawa,Coupang,OFFICIAL,LISTED,236000,UNKNOWN,Unconditional advertised; seller via Danawa,Snapshot evidence. This is NOT a verified 2026-10-09 checkout price; page crawl can predate access.,https://prod.danawa.com/info/?pcode=86100683,Danawa aggregated seller quote; price not directly verified at checkout; crawl age varies
P0093,C054,2026-10-09,Danawa,Auction,OFFICIAL,LISTED,236000,UNKNOWN,Unconditional advertised; seller via Danawa,Snapshot evidence. This is NOT a verified 2026-10-09 checkout price; page crawl can predate access.,https://prod.danawa.com/info/?pcode=86100683,Danawa aggregated seller quote; price not directly verified at checkout; crawl age varies
P0094,C054,2026-10-09,Danawa,Cool Deal Store,OFFICIAL,LISTED,259000,UNKNOWN,Unconditional advertised; seller via Danawa,Snapshot evidence. This is NOT a verified 2026-10-09 checkout price; page crawl can predate access.,https://prod.danawa.com/info/?pcode=86100683,Danawa aggregated seller quote; price not directly verified at checkout; crawl age varies
P0095,C055,2026-10-09,Danawa,Coupang,OFFICIAL,LISTED,219000,UNKNOWN,Unconditional advertised; seller via Danawa,Snapshot evidence. This is NOT a verified 2026-10-09 checkout price; page crawl can predate access.,https://prod.danawa.com/info/?pcode=2563515,Danawa aggregated seller quote; price not directly verified at checkout; crawl age varies
P0096,C055,2026-10-09,Danawa,CJ OnStyle,OFFICIAL,LISTED,229000,UNKNOWN,Unconditional advertised; seller via Danawa,Snapshot evidence. This is NOT a verified 2026-10-09 checkout price; page crawl can predate access.,https://prod.danawa.com/info/?pcode=2563515,Danawa aggregated seller quote; price not directly verified at checkout; crawl age varies
P0097,C055,2026-10-09,Schezade,Schezade,OFFICIAL,LISTED,229000,UNKNOWN,Retail catalog quote,Snapshot evidence. This is NOT a verified 2026-10-09 checkout price; page crawl can predate access.,https://www.schezade.co.kr/goods/g_list.html?arg=hqoladylnk&brand_search=&class_id=&class_sub_id=&hv=&mv=&page=7&price_cate=&s_key=,Specialist/official retailer site read directly; stock must be checked at checkout
P0098,C055,2026-10-09,Danawa,Gmarket overseas,IMPORT,LISTED,100420,UNKNOWN,Unconditional advertised; seller via Danawa,Snapshot evidence. This is NOT a verified 2026-10-09 checkout price; page crawl can predate access.,https://prod.danawa.com/info/?pcode=2521386,"Substantially lower than genuine; require seller identity, bundle and warranty verification"
P0099,C055,2026-10-09,Danawa,Hi-Mart,OFFICIAL,DEAL,206100,UNKNOWN,Shinhan card discount 10%,Snapshot evidence. This is NOT a verified 2026-10-09 checkout price; page crawl can predate access.,https://prod.danawa.com/info/?pcode=2563515,Conditional benefit not unconditional sale price
P0100,C058,2026-10-09,Danawa,SSG,OFFICIAL,LISTED,389000,UNKNOWN,Unconditional advertised; seller via Danawa,Snapshot evidence. This is NOT a verified 2026-10-09 checkout price; page crawl can predate access.,https://prod.danawa.com/info/?pcode=95285384,Danawa aggregated seller quote; price not directly verified at checkout; crawl age varies
P0101,C059,2026-10-09,Danawa,Gmarket overseas,IMPORT,LISTED,101370,UNKNOWN,Unconditional advertised; seller via Danawa,Snapshot evidence. This is NOT a verified 2026-10-09 checkout price; page crawl can predate access.,https://prod.danawa.com/info/?pcode=18854915,Philips Korea marked discontinued; import stock unknown
P0102,C059,2026-10-09,Danawa,Gmarket overseas,IMPORT,DEAL,96310,UNKNOWN,Samsung card conditional; IMPORT,Snapshot evidence. This is NOT a verified 2026-10-09 checkout price; page crawl can predate access.,https://prod.danawa.com/info/?pcode=18854915,Conditional benefit not unconditional sale price
P0103,C060,2026-10-09,Danawa,Danawa min seller,OFFICIAL,LISTED,190000,UNKNOWN,Unconditional advertised; seller via Danawa,Snapshot evidence. This is NOT a verified 2026-10-09 checkout price; page crawl can predate access.,https://prod.danawa.com/info/?pcode=21505475,Danawa aggregated seller quote; price not directly verified at checkout; crawl age varies
P0104,C060,2026-10-09,Danawa,Hi-Mart,OFFICIAL,DEAL,171000,UNKNOWN,Shinhan card conditional,Snapshot evidence. This is NOT a verified 2026-10-09 checkout price; page crawl can predate access.,https://prod.danawa.com/info/?pcode=21505475,Conditional benefit not unconditional sale price
P0105,C061,2026-10-09,Danawa,Coupang,OFFICIAL,LISTED,160550,UNKNOWN,Unconditional advertised; seller via Danawa,Snapshot evidence. This is NOT a verified 2026-10-09 checkout price; page crawl can predate access.,https://prod.danawa.com/info/?pcode=4592412,Danawa aggregated seller quote; price not directly verified at checkout; crawl age varies
P0106,C061,2026-10-09,Danawa,Hi-Mart,OFFICIAL,LISTED,189000,UNKNOWN,Unconditional advertised; seller via Danawa,Snapshot evidence. This is NOT a verified 2026-10-09 checkout price; page crawl can predate access.,https://prod.danawa.com/info/?pcode=4592412,Danawa aggregated seller quote; price not directly verified at checkout; crawl age varies
P0107,C061,2026-10-09,Danawa,Coupang,OFFICIAL,DEAL,152520,UNKNOWN,Shinhan card conditional,Snapshot evidence. This is NOT a verified 2026-10-09 checkout price; page crawl can predate access.,https://prod.danawa.com/info/?pcode=4592412,Conditional benefit not unconditional sale price
P0108,C062,2026-10-09,Danawa,Coupang overseas,IMPORT,LISTED,92420,UNKNOWN,Unconditional advertised; seller via Danawa,Snapshot evidence. This is NOT a verified 2026-10-09 checkout price; page crawl can predate access.,https://prod.danawa.com/info/?pcode=2097781,Danawa aggregated seller quote; price not directly verified at checkout; crawl age varies
P0109,C062,2026-10-09,Danawa,Auction overseas,IMPORT,LISTED,101940,UNKNOWN,Unconditional advertised; seller via Danawa,Snapshot evidence. This is NOT a verified 2026-10-09 checkout price; page crawl can predate access.,https://prod.danawa.com/info/?pcode=2097781,Danawa aggregated seller quote; price not directly verified at checkout; crawl age varies
P0110,C015,2026-10-09,Enuri,Korea price compare FT1 genuine,OFFICIAL,LISTED,230000,0,Genuine listing unconditioned,"Source price-refresh 2026-09-11 where recorded, not real-time checkout quote.",https://www.enuri.com/detail.jsp?modelno=132543159,Price refresh 2026-09-11; NOT confirmed current checkout
P0111,C015,2026-10-09,Enuri,Korea price compare card offer,OFFICIAL,DEAL,213900,0,Hyundai card only,"Source price-refresh 2026-09-11 where recorded, not real-time checkout quote.",https://www.enuri.com/detail.jsp?modelno=132543159,Price refresh 2026-09-11
P0112,C016,2026-10-09,Enuri,Korea price compare FT1 PRO genuine,OFFICIAL,LISTED,312930,0,Genuine listing unconditioned,"Source price-refresh 2026-09-11 where recorded, not real-time checkout quote.",https://www.enuri.com/detail.jsp?modelno=132790949,Price refresh 2026-09-11
P0113,C016,2026-10-09,Enuri,Korea price compare imported FT1 PRO,IMPORT,LISTED,220570,0,Overseas purchase option,"Source price-refresh 2026-09-11 where recorded, not real-time checkout quote.",https://www.enuri.com/detail.jsp?modelno=132790966,Price refresh 2026-09-11
P0114,C016,2026-10-09,Enuri,Korea price compare card FT1 PRO,OFFICIAL,DEAL,285300,0,Lotte card condition,"Source price-refresh 2026-09-11 where recorded, not real-time checkout quote.",https://www.enuri.com/detail.jsp?modelno=132790949,Price refresh 2026-09-11
P0115,C017,2026-10-09,Enuri,Korea price compare FT3,UNKNOWN,LISTED,366240,UNKNOWN,Search result; specific import/genuine option UNVERIFIED,"Source price-refresh 2026-09-11 where recorded, not real-time checkout quote.",https://www.enuri.com/search.jsp?keyword=FIIO,Price refresh date uncertain - discovery-only price
