Candidate_ID,As_Of_Date,Normal_Price_KRW,Current_Low_Price_KRW,Deal_Price_KRW,Normal_Price_Basis,Comparison_Scope,Price_Stability,Sources_Count,Confidence,Notes
C001,2026-10-09,UNKNOWN,216000,UNKNOWN,Insufficient distinct seller/portal evidence for normal market price.,OFFICIAL_ONLY,UNKNOWN,1,LOW,"3 raw quote(s), 1 source portal(s); NOT live checkout prices."
C002,2026-10-09,UNKNOWN,268900,255280,Insufficient distinct seller/portal evidence for normal market price.,OFFICIAL_ONLY,UNKNOWN,1,LOW,"3 raw quote(s), 1 source portal(s); NOT live checkout prices."
C003,2026-10-09,UNKNOWN,332800,UNKNOWN,Insufficient distinct seller/portal evidence for normal market price.,OFFICIAL_ONLY,UNKNOWN,1,LOW,"3 raw quote(s), 1 source portal(s); NOT live checkout prices."
C004,2026-10-09,UNKNOWN,675000,UNKNOWN,Insufficient distinct seller/portal evidence for normal market price.,OFFICIAL_ONLY,UNKNOWN,1,LOW,"2 raw quote(s), 1 source portal(s); NOT live checkout prices."
C005,2026-10-09,619100,613580,570630,"Cross-portal repeat quoted prices clustered within ±12% of median, not a historical transaction-price series.",IMPORT_ONLY,UNKNOWN,2,MEDIUM,"3 raw quote(s), 2 source portal(s); NOT live checkout prices. IMPORT ONLY; overseas warranty, taxes and returns must be checked. Some indexed quotes older than check date."
C006,2026-10-09,UNKNOWN,425000,UNKNOWN,Insufficient distinct seller/portal evidence for normal market price.,OFFICIAL_ONLY,UNKNOWN,1,LOW,"1 raw quote(s), 1 source portal(s); NOT live checkout prices."
C007,2026-10-09,UNKNOWN,UNKNOWN,UNKNOWN,Insufficient distinct seller/portal evidence for normal market price.,UNKNOWN,UNKNOWN,1,UNKNOWN,"1 raw quote(s), 1 source portal(s); NOT live checkout prices. Only Limited Black variant priced; base model low remains UNKNOWN."
C008,2026-10-09,UNKNOWN,UNKNOWN,UNKNOWN,Insufficient distinct seller/portal evidence for normal market price.,UNKNOWN,UNKNOWN,1,UNKNOWN,"1 raw quote(s), 1 source portal(s); NOT live checkout prices. Only Limited Black variant priced; base model low remains UNKNOWN."
C009,2026-10-09,UNKNOWN,UNKNOWN,UNKNOWN,Insufficient distinct seller/portal evidence for normal market price.,UNKNOWN,UNKNOWN,0,UNKNOWN,No independently verifiable Korean price snapshot; retain UNKNOWN.
C010,2026-10-09,269000,249000,242100,"Cross-portal repeat quoted prices clustered within ±12% of median, not a historical transaction-price series.",OFFICIAL_ONLY,UNKNOWN,3,MEDIUM,"5 raw quote(s), 3 source portal(s); NOT live checkout prices. Time-bound Audio-Technica store seasonal promotion is NOT a normal regular-price basis."
C011,2026-10-09,439000,429000,UNKNOWN,"Cross-portal repeat quoted prices clustered within ±12% of median, not a historical transaction-price series.",OFFICIAL_ONLY,UNKNOWN,2,MEDIUM,"3 raw quote(s), 2 source portal(s); NOT live checkout prices."
C012,2026-10-09,178400,169000,UNKNOWN,"Cross-portal repeat quoted prices clustered within ±12% of median, not a historical transaction-price series.",OFFICIAL_ONLY,UNKNOWN,3,MEDIUM,"4 raw quote(s), 3 source portal(s); NOT live checkout prices. Time-bound Audio-Technica store seasonal promotion is NOT a normal regular-price basis."
C013,2026-10-09,UNKNOWN,305970,290670,Insufficient distinct seller/portal evidence for normal market price.,OFFICIAL_ONLY,UNKNOWN,1,LOW,"4 raw quote(s), 1 source portal(s); NOT live checkout prices."
C014,2026-10-09,UNKNOWN,498000,474050,Insufficient distinct seller/portal evidence for normal market price.,OFFICIAL_ONLY,UNKNOWN,1,LOW,"4 raw quote(s), 1 source portal(s); NOT live checkout prices. Parallel/overseas purchase cheaper quotes EXCLUDED from official-category price."
C015,2026-10-09,230000,230000,213900,"Cross-portal repeat quoted prices clustered within ±12% of median, not a historical transaction-price series.",OFFICIAL_ONLY,UNKNOWN,3,MEDIUM,"4 raw quote(s), 3 source portal(s); NOT live checkout prices. Some indexed quotes older than check date."
C016,2026-10-09,315000,312930,285300,"Cross-portal repeat quoted prices clustered within ±12% of median, not a historical transaction-price series.",OFFICIAL_ONLY,UNKNOWN,3,MEDIUM,"8 raw quote(s), 3 source portal(s); NOT live checkout prices. Parallel/overseas purchase cheaper quotes EXCLUDED from official-category price. Some indexed quotes older than check date. Enuri Sep 11 official and imported price tracks separately; do not mix."
C017,2026-10-09,UNKNOWN,361090,UNKNOWN,Insufficient distinct seller/portal evidence for normal market price.,OFFICIAL_ONLY,UNKNOWN,2,LOW,"3 raw quote(s), 2 source portal(s); NOT live checkout prices. Some indexed quotes older than check date. Enuri search result has unverified seller/distribution, excluded from low."
C018,2026-10-09,UNKNOWN,567790,UNKNOWN,Insufficient distinct seller/portal evidence for normal market price.,OFFICIAL_ONLY,UNKNOWN,1,LOW,"2 raw quote(s), 1 source portal(s); NOT live checkout prices."
C019,2026-10-09,UNKNOWN,UNKNOWN,UNKNOWN,Insufficient distinct seller/portal evidence for normal market price.,UNKNOWN,UNKNOWN,1,UNKNOWN,"1 raw quote(s), 1 source portal(s); NOT live checkout prices. At least one advertised quote is SOLD OUT; excluded from available low."
C020,2026-10-09,UNKNOWN,UNKNOWN,UNKNOWN,Insufficient distinct seller/portal evidence for normal market price.,UNKNOWN,UNKNOWN,2,UNKNOWN,"2 raw quote(s), 2 source portal(s); NOT live checkout prices. At least one advertised quote is SOLD OUT; excluded from available low. Open-box/refurb quotes separated/excluded from sealed-new comparison."
C021,2026-10-09,UNKNOWN,UNKNOWN,UNKNOWN,Insufficient distinct seller/portal evidence for normal market price.,UNKNOWN,UNKNOWN,3,UNKNOWN,"3 raw quote(s), 3 source portal(s); NOT live checkout prices. At least one advertised quote is SOLD OUT; excluded from available low. Open-box/refurb quotes separated/excluded from sealed-new comparison."
C022,2026-10-09,UNKNOWN,459000,UNKNOWN,Insufficient distinct seller/portal evidence for normal market price.,OFFICIAL_ONLY,UNKNOWN,1,LOW,"1 raw quote(s), 1 source portal(s); NOT live checkout prices. HIFIMAN collection-level price lacks model-level buyable stock confirmation."
C023,2026-10-09,UNKNOWN,UNKNOWN,UNKNOWN,Insufficient distinct seller/portal evidence for normal market price.,UNKNOWN,UNKNOWN,1,UNKNOWN,"1 raw quote(s), 1 source portal(s); NOT live checkout prices. Open-box/refurb quotes separated/excluded from sealed-new comparison. HIFIMAN collection-level price lacks model-level buyable stock confirmation."
C024,2026-10-09,UNKNOWN,235000,234000,Insufficient distinct seller/portal evidence for normal market price.,OFFICIAL_ONLY,UNKNOWN,1,LOW,"4 raw quote(s), 1 source portal(s); NOT live checkout prices. Parallel/overseas purchase cheaper quotes EXCLUDED from official-category price."
C025,2026-10-09,UNKNOWN,69800,UNKNOWN,Insufficient distinct seller/portal evidence for normal market price.,OFFICIAL_ONLY,UNKNOWN,1,LOW,"1 raw quote(s), 1 source portal(s); NOT live checkout prices."
C026,2026-10-09,UNKNOWN,129000,UNKNOWN,Insufficient distinct seller/portal evidence for normal market price.,OFFICIAL_ONLY,UNKNOWN,1,LOW,"1 raw quote(s), 1 source portal(s); NOT live checkout prices. Manufacturer DISCONTINUED; advertised stock might be aged."
C027,2026-10-09,UNKNOWN,157440,UNKNOWN,Insufficient distinct seller/portal evidence for normal market price.,OFFICIAL_ONLY,UNKNOWN,1,LOW,"1 raw quote(s), 1 source portal(s); NOT live checkout prices."
C028,2026-10-09,UNKNOWN,178000,UNKNOWN,Insufficient distinct seller/portal evidence for normal market price.,IMPORT_ONLY,UNKNOWN,1,LOW,"1 raw quote(s), 1 source portal(s); NOT live checkout prices. IMPORT ONLY; overseas warranty, taxes and returns must be checked."
C029,2026-10-09,UNKNOWN,UNKNOWN,UNKNOWN,Insufficient distinct seller/portal evidence for normal market price.,UNKNOWN,UNKNOWN,0,UNKNOWN,No independently verifiable Korean price snapshot; retain UNKNOWN.
C030,2026-10-09,UNKNOWN,576030,518440,Insufficient distinct seller/portal evidence for normal market price.,OFFICIAL_ONLY,UNKNOWN,1,LOW,"3 raw quote(s), 1 source portal(s); NOT live checkout prices."
C031,2026-10-09,UNKNOWN,420000,UNKNOWN,Insufficient distinct seller/portal evidence for normal market price.,IMPORT_ONLY,UNKNOWN,1,LOW,"1 raw quote(s), 1 source portal(s); NOT live checkout prices. IMPORT ONLY; overseas warranty, taxes and returns must be checked."
C032,2026-10-09,UNKNOWN,538000,UNKNOWN,Insufficient distinct seller/portal evidence for normal market price.,OFFICIAL_ONLY,UNKNOWN,1,LOW,"1 raw quote(s), 1 source portal(s); NOT live checkout prices."
C033,2026-10-09,UNKNOWN,863330,UNKNOWN,Insufficient distinct seller/portal evidence for normal market price.,OFFICIAL_ONLY,UNKNOWN,1,LOW,"3 raw quote(s), 1 source portal(s); NOT live checkout prices."
C034,2026-10-09,UNKNOWN,UNKNOWN,UNKNOWN,Insufficient distinct seller/portal evidence for normal market price.,UNKNOWN,UNKNOWN,0,UNKNOWN,No independently verifiable Korean price snapshot; retain UNKNOWN.
C035,2026-10-09,UNKNOWN,UNKNOWN,UNKNOWN,Insufficient distinct seller/portal evidence for normal market price.,UNKNOWN,UNKNOWN,0,UNKNOWN,No independently verifiable Korean price snapshot; retain UNKNOWN.
C036,2026-10-09,UNKNOWN,UNKNOWN,UNKNOWN,Insufficient distinct seller/portal evidence for normal market price.,UNKNOWN,UNKNOWN,0,UNKNOWN,No independently verifiable Korean price snapshot; retain UNKNOWN.
C037,2026-10-09,UNKNOWN,638680,621200,Insufficient distinct seller/portal evidence for normal market price.,OFFICIAL_ONLY,UNKNOWN,1,LOW,"3 raw quote(s), 1 source portal(s); NOT live checkout prices."
C038,2026-10-09,UNKNOWN,UNKNOWN,UNKNOWN,Insufficient distinct seller/portal evidence for normal market price.,UNKNOWN,UNKNOWN,0,UNKNOWN,No independently verifiable Korean price snapshot; retain UNKNOWN.
C039,2026-10-09,UNKNOWN,664000,UNKNOWN,Insufficient distinct seller/portal evidence for normal market price.,OFFICIAL_ONLY,UNKNOWN,1,LOW,"1 raw quote(s), 1 source portal(s); NOT live checkout prices. AudioGallery long-running open public markdown price used as visible low; MSRP/list price NOT treated as normal."
C040,2026-10-09,UNKNOWN,766500,UNKNOWN,Insufficient distinct seller/portal evidence for normal market price.,OFFICIAL_ONLY,UNKNOWN,1,LOW,"1 raw quote(s), 1 source portal(s); NOT live checkout prices. AudioGallery long-running open public markdown price used as visible low; MSRP/list price NOT treated as normal."
C041,2026-10-09,UNKNOWN,699000,UNKNOWN,Insufficient distinct seller/portal evidence for normal market price.,OFFICIAL_ONLY,UNKNOWN,1,LOW,"1 raw quote(s), 1 source portal(s); NOT live checkout prices."
C042,2026-10-09,UNKNOWN,UNKNOWN,UNKNOWN,Insufficient distinct seller/portal evidence for normal market price.,UNKNOWN,UNKNOWN,0,UNKNOWN,No independently verifiable Korean price snapshot; retain UNKNOWN.
C043,2026-10-09,UNKNOWN,429900,UNKNOWN,Insufficient distinct seller/portal evidence for normal market price.,IMPORT_ONLY,UNKNOWN,1,LOW,"2 raw quote(s), 1 source portal(s); NOT live checkout prices. IMPORT ONLY; overseas warranty, taxes and returns must be checked. 2025 Enuri result excluded as stale versus 2026 Danawa import quote."
C044,2026-10-09,UNKNOWN,240490,UNKNOWN,Insufficient distinct seller/portal evidence for normal market price.,OFFICIAL_ONLY,UNKNOWN,1,LOW,"2 raw quote(s), 1 source portal(s); NOT live checkout prices."
C045,2026-10-09,UNKNOWN,99000,93100,Insufficient distinct seller/portal evidence for normal market price.,OFFICIAL_ONLY,UNKNOWN,1,LOW,"3 raw quote(s), 1 source portal(s); NOT live checkout prices."
C046,2026-10-09,UNKNOWN,259000,UNKNOWN,Insufficient distinct seller/portal evidence for normal market price.,OFFICIAL_ONLY,UNKNOWN,1,LOW,"2 raw quote(s), 1 source portal(s); NOT live checkout prices."
C047,2026-10-09,UNKNOWN,399000,UNKNOWN,Insufficient distinct seller/portal evidence for normal market price.,OFFICIAL_ONLY,UNKNOWN,1,LOW,"3 raw quote(s), 1 source portal(s); NOT live checkout prices. Parallel/overseas purchase cheaper quotes EXCLUDED from official-category price."
C048,2026-10-09,UNKNOWN,107100,102920,Insufficient distinct seller/portal evidence for normal market price.,OFFICIAL_ONLY,UNKNOWN,1,LOW,"3 raw quote(s), 1 source portal(s); NOT live checkout prices."
C049,2026-10-09,UNKNOWN,109920,UNKNOWN,Insufficient distinct seller/portal evidence for normal market price.,IMPORT_ONLY,UNKNOWN,1,LOW,"2 raw quote(s), 1 source portal(s); NOT live checkout prices. IMPORT ONLY; overseas warranty, taxes and returns must be checked."
C050,2026-10-09,UNKNOWN,359000,341050,Insufficient distinct seller/portal evidence for normal market price.,OFFICIAL_ONLY,UNKNOWN,1,LOW,"2 raw quote(s), 1 source portal(s); NOT live checkout prices."
C051,2026-10-09,UNKNOWN,489000,440100,Insufficient distinct seller/portal evidence for normal market price.,OFFICIAL_ONLY,UNKNOWN,1,LOW,"2 raw quote(s), 1 source portal(s); NOT live checkout prices."
C052,2026-10-09,UNKNOWN,480700,435880,Insufficient distinct seller/portal evidence for normal market price.,OFFICIAL_ONLY,UNKNOWN,1,LOW,"4 raw quote(s), 1 source portal(s); NOT live checkout prices."
C053,2026-10-09,UNKNOWN,UNKNOWN,UNKNOWN,Insufficient distinct seller/portal evidence for normal market price.,UNKNOWN,UNKNOWN,0,UNKNOWN,No independently verifiable Korean price snapshot; retain UNKNOWN.
C054,2026-10-09,UNKNOWN,236000,UNKNOWN,Insufficient distinct seller/portal evidence for normal market price.,OFFICIAL_ONLY,UNKNOWN,1,LOW,"3 raw quote(s), 1 source portal(s); NOT live checkout prices."
C055,2026-10-09,229000,219000,206100,"Cross-portal repeat quoted prices clustered within ±12% of median, not a historical transaction-price series.",OFFICIAL_ONLY,UNKNOWN,2,MEDIUM,"5 raw quote(s), 2 source portal(s); NOT live checkout prices. Parallel/overseas purchase cheaper quotes EXCLUDED from official-category price. Large official/import price spread, check model authenticity and warranty."
C056,2026-10-09,UNKNOWN,89900,UNKNOWN,Insufficient distinct seller/portal evidence for normal market price.,OFFICIAL_ONLY,UNKNOWN,1,LOW,"1 raw quote(s), 1 source portal(s); NOT live checkout prices."
C057,2026-10-09,263800,246050,250170,"Cross-portal repeat quoted prices clustered within ±12% of median, not a historical transaction-price series.",OFFICIAL_ONLY,UNKNOWN,3,MEDIUM,"5 raw quote(s), 3 source portal(s); NOT live checkout prices. Some indexed quotes older than check date."
C058,2026-10-09,UNKNOWN,389000,UNKNOWN,Insufficient distinct seller/portal evidence for normal market price.,OFFICIAL_ONLY,UNKNOWN,1,LOW,"1 raw quote(s), 1 source portal(s); NOT live checkout prices."
C059,2026-10-09,UNKNOWN,101370,96310,Insufficient distinct seller/portal evidence for normal market price.,IMPORT_ONLY,UNKNOWN,1,LOW,"2 raw quote(s), 1 source portal(s); NOT live checkout prices. IMPORT ONLY; overseas warranty, taxes and returns must be checked. Manufacturer DISCONTINUED; advertised stock might be aged."
C060,2026-10-09,UNKNOWN,190000,171000,Insufficient distinct seller/portal evidence for normal market price.,OFFICIAL_ONLY,UNKNOWN,1,LOW,"2 raw quote(s), 1 source portal(s); NOT live checkout prices."
C061,2026-10-09,UNKNOWN,160550,152520,Insufficient distinct seller/portal evidence for normal market price.,OFFICIAL_ONLY,UNKNOWN,1,LOW,"3 raw quote(s), 1 source portal(s); NOT live checkout prices."
C062,2026-10-09,UNKNOWN,92420,UNKNOWN,Insufficient distinct seller/portal evidence for normal market price.,IMPORT_ONLY,UNKNOWN,1,LOW,"2 raw quote(s), 1 source portal(s); NOT live checkout prices. IMPORT ONLY; overseas warranty, taxes and returns must be checked."
